{"type":"FeatureCollection","features":[{"type":"Feature","properties":{"li":"新林里"},"geometry":{"type":"Polygon","coordinates":[[[121.3688516,25.0718327],[121.3687805,25.0718313],[121.3684902,25.0715457],[121.3679816,25.071168],[121.3676247,25.0708705],[121.3673094,25.070591],[121.3668692,25.0701686],[121.3665301,25.0698593],[121.3660185,25.0693858],[121.3657805,25.0691288],[121.3655093,25.0688052],[121.3652808,25.0685101],[121.3650042,25.0681145],[121.3648139,25.0678111],[121.3646176,25.0674542],[121.3645164,25.0672341],[121.3643804,25.0668839],[121.3641127,25.0661105],[121.3639937,25.0657239],[121.3637778,25.0649515],[121.363673,25.0649508],[121.3634247,25.0649366],[121.3632848,25.0649392],[121.3632143,25.0649319],[121.3630706,25.0649275],[121.3629836,25.0649304],[121.3626547,25.0649203],[121.3625602,25.0649175],[121.3624304,25.0649155],[121.3621921,25.0649266],[121.3620119,25.0649232],[121.361906,25.064926],[121.361751,25.0649158],[121.3616477,25.0649095],[121.3614309,25.0649047],[121.3613023,25.0649073],[121.3611625,25.0648972],[121.3610679,25.0649024],[121.3609242,25.0649038],[121.3605485,25.0649083],[121.3600985,25.0649181],[121.3598817,25.0649179],[121.3596321,25.0649186],[121.3593547,25.0649375],[121.3591354,25.0649327],[121.358771,25.0649522],[121.3586108,25.0649661],[121.3585554,25.0649566],[121.3584837,25.0649435],[121.3583614,25.0649405],[121.3583017,25.0649418],[121.3582072,25.064924],[121.3580903,25.0649382],[121.3579292,25.0649421],[121.357768,25.064953],[121.357583,25.0649662],[121.357452,25.0649654],[121.3573022,25.0649831],[121.3571084,25.0649952],[121.3569007,25.0650084],[121.3567508,25.0650146],[121.3565268,25.0650383],[121.3563455,25.0650515],[121.3562284,25.0650484],[121.3559993,25.0650686],[121.3557714,25.0650842],[121.3556204,25.065095],[121.3554051,25.0651095],[121.3553069,25.0651224],[121.3551747,25.0651251],[121.3551644,25.0651258],[121.355324,25.066029],[121.355587,25.067095],[121.35578,25.067627],[121.3563853,25.0687654],[121.356644,25.069252],[121.357038,25.069809],[121.357332,25.070224],[121.358116,25.071025],[121.358902,25.071613],[121.3599632,25.0725033],[121.360212,25.072712],[121.362373,25.074523],[121.3640538,25.0759436],[121.365089,25.075046],[121.367102,25.073511],[121.367634,25.073013],[121.368525,25.072197],[121.3688516,25.0718327]]]}},{"type":"Feature","properties":{"li":"太平里"},"geometry":{"type":"Polygon","coordinates":[[[121.3468905,25.1298798],[121.348645,25.1300542],[121.3500705,25.130632],[121.3513803,25.1310641],[121.3525958,25.1311794],[121.3534514,25.1315999],[121.3537361,25.1318292],[121.3540818,25.1320955],[121.3541776,25.1321758],[121.3545106,25.13241],[121.354995,25.1327532],[121.3552322,25.1329254],[121.3554315,25.1330723],[121.3556713,25.1332261],[121.3557999,25.1333006],[121.3560699,25.1334418],[121.3564206,25.1336003],[121.3566741,25.1337024],[121.3569403,25.133799],[121.3572178,25.1338827],[121.35745,25.1339436],[121.3577161,25.1340103],[121.3579243,25.1340551],[121.3580604,25.1340885],[121.3584178,25.1344436],[121.3599375,25.134747],[121.3611679,25.1355669],[121.3629679,25.1367066],[121.3639908,25.1371775],[121.3644808,25.1378739],[121.3648171,25.1389934],[121.3652673,25.1401678],[121.3657942,25.1397004],[121.3658366,25.139446],[121.3658609,25.1393089],[121.3658853,25.1391732],[121.3659097,25.1390389],[121.3659341,25.1389061],[121.3659585,25.1387748],[121.3659829,25.1386449],[121.3660073,25.1385164],[121.3660317,25.1383894],[121.3660561,25.1382639],[121.3660805,25.1381397],[121.3661049,25.1380171],[121.3661293,25.1378958],[121.3661537,25.1377761],[121.3661782,25.1376577],[121.3662026,25.1375408],[121.366227,25.1374254],[121.3662515,25.1373114],[121.3662759,25.1371989],[121.3663004,25.1370877],[121.36631,25.1370445],[121.3663248,25.1369781],[121.3663493,25.1368699],[121.3663697,25.1366821],[121.3663605,25.1366141],[121.3663633,25.1365407],[121.366372,25.1364645],[121.3663958,25.1364263],[121.3664435,25.1363609],[121.3664673,25.1363146],[121.3664701,25.1362547],[121.366461,25.1362004],[121.3664369,25.1361406],[121.3664067,25.136059],[121.3663796,25.1359911],[121.3663825,25.1359476],[121.3663793,25.1358877],[121.3663882,25.1358442],[121.3664276,25.1357465],[121.366499,25.1356049],[121.3666032,25.135455],[121.3666867,25.1353487],[121.3667702,25.1352532],[121.3669013,25.1351087],[121.366949,25.1350542],[121.3670564,25.1349315],[121.3671129,25.1348416],[121.3671486,25.1347544],[121.3671723,25.1346864],[121.3671813,25.134603],[121.3671722,25.1345487],[121.3671421,25.1344889],[121.367103,25.1344237],[121.3670879,25.1343611],[121.3670847,25.1342959],[121.3670875,25.1342251],[121.3670993,25.1341598],[121.367111,25.134089],[121.3671235,25.1339431],[121.3671323,25.133886],[121.3671621,25.1338478],[121.3672933,25.133706],[121.3674096,25.1335887],[121.3674512,25.1335125],[121.3675137,25.1334062],[121.3675913,25.1333516],[121.367663,25.1333025],[121.3677437,25.1332859],[121.3678184,25.1332749],[121.3678752,25.1332475],[121.3679319,25.1331984],[121.3679765,25.133114],[121.3679971,25.1330132],[121.3680332,25.1328998],[121.3680988,25.1328453],[121.3681586,25.1328288],[121.3682363,25.1328204],[121.3682931,25.1328203],[121.3683349,25.1327903],[121.3683588,25.1327603],[121.3684213,25.1326758],[121.368487,25.1326158],[121.3685108,25.1325831],[121.3685734,25.1325067],[121.368633,25.1324195],[121.3686895,25.1323323],[121.3687313,25.1322887],[121.3688297,25.1321932],[121.3688714,25.1321251],[121.3688921,25.1320625],[121.3689164,25.1319463],[121.368934,25.1318429],[121.3689637,25.1317585],[121.3689785,25.1317203],[121.36905,25.1316195],[121.3691097,25.1315704],[121.3692141,25.1314967],[121.3693335,25.1314148],[121.3693514,25.1313984],[121.3693902,25.1313412],[121.3694317,25.1312404],[121.3694733,25.131126],[121.3695029,25.1310362],[121.3695452,25.1309472],[121.3695986,25.1308246],[121.3696342,25.1307103],[121.3696874,25.1305142],[121.3697227,25.1303156],[121.3697613,25.1302066],[121.369809,25.1301412],[121.3698686,25.1300785],[121.3699313,25.1300313],[121.3699581,25.1299904],[121.3699908,25.1299196],[121.3699995,25.1298353],[121.3700113,25.1297971],[121.370044,25.1297154],[121.3700708,25.129661],[121.3701064,25.1295956],[121.3701212,25.1295411],[121.3701719,25.129371],[121.3702045,25.1292512],[121.3702163,25.1292267],[121.370258,25.1291422],[121.3703175,25.1290496],[121.3703949,25.1289324],[121.3705003,25.1287779],[121.3705629,25.1286989],[121.3705926,25.1286553],[121.3706463,25.128598],[121.3706851,25.1285761],[121.3707359,25.1285515],[121.3708046,25.1285296],[121.3708584,25.1285022],[121.3708882,25.1284722],[121.3709449,25.1284259],[121.3710015,25.1283495],[121.371073,25.1282405],[121.3710908,25.1281997],[121.3711235,25.1281452],[121.3711504,25.1281179],[121.3711832,25.1280934],[121.371228,25.128066],[121.3713273,25.1279961],[121.3713751,25.1279606],[121.3714377,25.1279115],[121.3714974,25.1278488],[121.3715808,25.1277506],[121.3716879,25.1275518],[121.3717504,25.1274373],[121.3718034,25.1273496],[121.3718575,25.1272602],[121.371932,25.1271567],[121.3719558,25.127124],[121.3719916,25.1270912],[121.3720513,25.1270421],[121.3721169,25.1269875],[121.3721917,25.1269119],[121.3722126,25.1268792],[121.3722423,25.1268247],[121.37226,25.1267485],[121.3723045,25.1266178],[121.3723163,25.1265606],[121.372352,25.1264898],[121.3723996,25.1264217],[121.372471,25.1262882],[121.3724888,25.1262256],[121.3725035,25.1261521],[121.3725212,25.1260487],[121.3725477,25.1259371],[121.3725672,25.1258752],[121.3726088,25.1258071],[121.3726595,25.1257471],[121.3727459,25.1256408],[121.3728056,25.1255916],[121.3729518,25.1254797],[121.3730502,25.1253951],[121.3732054,25.1252723],[121.3733458,25.1252067],[121.3734234,25.1251657],[121.3735579,25.12513],[121.3736805,25.1251052],[121.3737313,25.1251023],[121.3737851,25.1250995],[121.3738329,25.1250776],[121.3739135,25.1250121],[121.373997,25.124933],[121.374156,25.1247597],[121.3742046,25.1247009],[121.3742394,25.1246588],[121.3743198,25.1245525],[121.3743465,25.1244763],[121.3743582,25.1243973],[121.3743521,25.1243484],[121.3743064,25.1241892],[121.3742821,25.1240641],[121.374267,25.1240206],[121.3742639,25.1239635],[121.3742636,25.1238655],[121.3742573,25.1237812],[121.3742601,25.1236969],[121.3742715,25.1235254],[121.374299,25.123408],[121.3743281,25.1232931],[121.3743248,25.1232335],[121.3743516,25.1230905],[121.3744125,25.1229498],[121.3745356,25.1227055],[121.3745853,25.122574],[121.3746614,25.1224237],[121.3747149,25.1223393],[121.3748088,25.1222023],[121.3748911,25.1221216],[121.3750234,25.1220087],[121.3751116,25.1219307],[121.3752547,25.1218244],[121.3753635,25.1217464],[121.3755047,25.1216468],[121.3756312,25.121558],[121.3757371,25.1214988],[121.3758313,25.1214503],[121.3759343,25.1214044],[121.3760021,25.1213935],[121.3760845,25.1213826],[121.3761906,25.121377],[121.3762968,25.1213794],[121.3764118,25.1214005],[121.3765238,25.1214163],[121.3766094,25.1214322],[121.3767185,25.1214614],[121.3767922,25.1214773],[121.3768836,25.1214851],[121.3769396,25.1214903],[121.3770196,25.1214703],[121.3770549,25.1214488],[121.3770931,25.1214165],[121.3771225,25.1213842],[121.377146,25.1213413],[121.3771487,25.1212582],[121.3771455,25.1211965],[121.3771306,25.1211375],[121.3771009,25.1210572],[121.3770623,25.1209634],[121.3770208,25.1208831],[121.3769673,25.1207653],[121.3769048,25.120559],[121.3768809,25.1204464],[121.3768566,25.1202842],[121.3768415,25.1201851],[121.376844,25.1200215],[121.3768556,25.1199517],[121.3768935,25.119839],[121.3769552,25.1197504],[121.3770414,25.1196708],[121.3771825,25.1195605],[121.3774237,25.1193883],[121.3775207,25.1193156],[121.3776384,25.1192295],[121.3777884,25.1191326],[121.3779208,25.1190545],[121.3780267,25.118998],[121.3781061,25.1189522],[121.3781738,25.1189118],[121.3782355,25.1188553],[121.3782913,25.1187801],[121.378345,25.1186872],[121.3784272,25.118569],[121.3784683,25.1185179],[121.37853,25.1184641],[121.3786388,25.1183915],[121.3787359,25.1183376],[121.3788242,25.1182972],[121.3789242,25.1182191],[121.379083,25.1181168],[121.3792184,25.118028],[121.3793389,25.1179339],[121.3794342,25.1178457],[121.379493,25.1178],[121.3795929,25.117714],[121.3796605,25.1176334],[121.3796928,25.1175984],[121.3797486,25.1175232],[121.3797867,25.1174534],[121.3798277,25.1173862],[121.3798688,25.1173191],[121.379901,25.1172493],[121.3799477,25.1171232],[121.3799829,25.1170453],[121.3800045,25.1169529],[121.3800396,25.1168616],[121.3800571,25.1168052],[121.3800953,25.1167515],[121.3801422,25.1166978],[121.3802453,25.1166573],[121.380313,25.116641],[121.3804397,25.11663],[121.3805458,25.1166136],[121.380752,25.1165916],[121.3808552,25.1165833],[121.3810378,25.1165641],[121.3812146,25.1165529],[121.3813384,25.1165418],[121.3813796,25.1165203],[121.3814119,25.1164934],[121.3814618,25.1164101],[121.38158,25.1162394],[121.3816446,25.1161642],[121.3817828,25.1160378],[121.3819003,25.1159222],[121.3820473,25.1158279],[121.3822151,25.1157551],[121.3823446,25.1156931],[121.3824445,25.1155909],[121.3825546,25.115506],[121.3826634,25.1154226],[121.3828104,25.1153123],[121.3828808,25.1152317],[121.3829014,25.1152075],[121.3830011,25.115049],[121.3830627,25.1149657],[121.3831685,25.1148689],[121.3832464,25.1148009],[121.3833221,25.1147406],[121.3835038,25.114689],[121.3835817,25.1146805],[121.3836198,25.1146877],[121.3837484,25.1147512],[121.383867,25.1148621],[121.3839674,25.1149257],[121.3840297,25.1149638],[121.3841221,25.115011],[121.3841863,25.1150218],[121.3842845,25.1150179],[121.3843826,25.1149921],[121.3844567,25.1149591],[121.3846228,25.1148857],[121.3847641,25.11481],[121.3848803,25.1147696],[121.3849524,25.1147676],[121.3850166,25.1147711],[121.3850909,25.1148019],[121.3852274,25.1148745],[121.3853118,25.1149326],[121.3853928,25.1149785],[121.3854952,25.1150128],[121.3855534,25.1150309],[121.3856677,25.1150413],[121.3857764,25.1150113],[121.3858848,25.114917],[121.3859062,25.1147454],[121.3859223,25.1146819],[121.3859267,25.1146162],[121.3859102,25.1145442],[121.3858817,25.11436],[121.3858836,25.1142372],[121.3858781,25.114041],[121.3858334,25.1139077],[121.385777,25.113732],[121.3857393,25.1136008],[121.3856797,25.1134154],[121.3856281,25.11328],[121.385553,25.1130938],[121.3854991,25.1129902],[121.3854356,25.1127912],[121.385433,25.1126854],[121.385435,25.1126027],[121.3854511,25.1125349],[121.3854653,25.1125057],[121.3854907,25.1124526],[121.3855283,25.1123901],[121.3856042,25.1122638],[121.385669,25.1121641],[121.385785,25.1120388],[121.3859947,25.1118228],[121.3860898,25.1117314],[121.3861479,25.1116868],[121.3862547,25.111623],[121.3863616,25.1115655],[121.3865009,25.1114592],[121.3865079,25.1114443],[121.38651,25.1113935],[121.3864983,25.1113597],[121.3864376,25.1113196],[121.386384,25.1112922],[121.3863141,25.1112839],[121.3862699,25.111284],[121.3861837,25.111261],[121.3861207,25.111223],[121.3860227,25.111147],[121.3859736,25.1110794],[121.3859403,25.1110209],[121.385849,25.1108559],[121.3857881,25.1107311],[121.3856968,25.1105789],[121.3856103,25.1104584],[121.3855092,25.1103133],[121.3854134,25.1101949],[121.3853221,25.1100427],[121.3852449,25.1099264],[121.3851839,25.1097783],[121.3851627,25.1097063],[121.3851578,25.1096174],[121.3851692,25.1095453],[121.3851974,25.1094789],[121.3852879,25.1094088],[121.3854207,25.1093421],[121.385404,25.1093289],[121.3848804,25.1089151],[121.3846544,25.1087247],[121.3837918,25.1081774],[121.3835658,25.1080525],[121.3834885,25.1080406],[121.3833695,25.1080287],[121.3832267,25.1080406],[121.3830007,25.1080763],[121.3826675,25.1081893],[121.3825517,25.1082238],[121.3824474,25.1082548],[121.3823166,25.1082786],[121.3822333,25.1082786],[121.3819121,25.1082607],[121.3813112,25.108225],[121.3810138,25.108231],[121.3806747,25.1082786],[121.3804606,25.1083202],[121.3800881,25.108428],[121.3796512,25.1085953],[121.3792608,25.1087348],[121.3788611,25.1088835],[121.3784522,25.1090694],[121.37802,25.1093157],[121.3775366,25.1096206],[121.377083,25.1099403],[121.376622,25.11026],[121.3764733,25.1103567],[121.3763023,25.1104385],[121.3761238,25.1105426],[121.3760048,25.1106095],[121.3758264,25.1107582],[121.3756925,25.1108995],[121.3756033,25.1110111],[121.3754546,25.1112788],[121.3753505,25.1114423],[121.3751497,25.1117175],[121.3747222,25.1122045],[121.3745084,25.1123997],[121.3742807,25.1125345],[121.3739758,25.1126981],[121.3735148,25.1129286],[121.3731578,25.113107],[121.3729943,25.113226],[121.3727489,25.1134491],[121.3725778,25.113687],[121.3725035,25.1138209],[121.3724663,25.1139027],[121.372444,25.1140216],[121.3723622,25.114148],[121.3723027,25.1142224],[121.3722581,25.1143116],[121.3722358,25.1143786],[121.3721466,25.1144901],[121.3720127,25.1145868],[121.3718417,25.1147057],[121.3717227,25.1147503],[121.3715889,25.114795],[121.3713584,25.1148247],[121.3712394,25.114847],[121.3711799,25.1148619],[121.3710981,25.1149065],[121.3710312,25.1149809],[121.3709271,25.1152114],[121.3708676,25.1153006],[121.3707746,25.1153861],[121.3705664,25.1155705],[121.3703939,25.1156776],[121.3702988,25.1157609],[121.3701976,25.1158561],[121.3701084,25.115975],[121.3699537,25.1162011],[121.3697515,25.1165282],[121.3696265,25.1166948],[121.3695492,25.1167721],[121.3693648,25.1169268],[121.3691566,25.1170934],[121.3689306,25.1172361],[121.3687045,25.1173789],[121.3685736,25.1174146],[121.3684606,25.1174205],[121.3681989,25.117373],[121.3678122,25.1172837],[121.3675267,25.117254],[121.3672411,25.1172361],[121.3668128,25.1171945],[121.3662983,25.1171796],[121.3656811,25.1171871],[121.3653093,25.1171945],[121.3651829,25.1172168],[121.364997,25.117254],[121.3647516,25.1173209],[121.3645657,25.1173655],[121.3643427,25.1174547],[121.3642609,25.1174919],[121.3641642,25.1175514],[121.3640675,25.1176183],[121.3639932,25.1176852],[121.3638593,25.1178265],[121.3637627,25.1179009],[121.3636586,25.1179901],[121.3635619,25.1180422],[121.363376,25.1181165],[121.3631827,25.1181834],[121.3630488,25.1182429],[121.3629893,25.1182801],[121.3628704,25.1183693],[121.3626993,25.1183619],[121.3624093,25.1183024],[121.3621268,25.1182281],[121.3618442,25.1181537],[121.3614984,25.1181366],[121.3611296,25.1181544],[121.3608024,25.1181901],[121.3606061,25.1182377],[121.3604336,25.1182972],[121.3602195,25.1183864],[121.3600232,25.1184935],[121.3597674,25.1186779],[121.359577,25.1188207],[121.3592796,25.1190824],[121.3589197,25.1194066],[121.3582884,25.1198862],[121.3579672,25.1200944],[121.3577054,25.1202669],[121.3573306,25.1204751],[121.3572176,25.1205584],[121.3570927,25.1206476],[121.3570035,25.1207428],[121.3568012,25.1209927],[121.3565454,25.1213139],[121.3564383,25.1214091],[121.356367,25.1214567],[121.3562539,25.1214923],[121.3561766,25.1214923],[121.3560814,25.1214864],[121.3559387,25.1214567],[121.3557542,25.1213972],[121.3553319,25.1212306],[121.3551445,25.1211443],[121.3549732,25.1211348],[121.3547305,25.1211634],[121.3546115,25.121211],[121.3545163,25.1212586],[121.3544021,25.1213395],[121.3543069,25.121387],[121.3541071,25.1214394],[121.35395,25.1215155],[121.3537977,25.1216107],[121.3535693,25.1217725],[121.3534027,25.1218962],[121.3533456,25.1219296],[121.353279,25.1219343],[121.3531553,25.1219248],[121.3530601,25.1218962],[121.3529268,25.1218487],[121.352727,25.1217535],[121.3524224,25.1215869],[121.3523415,25.1215488],[121.3522701,25.1215298],[121.3521559,25.1215298],[121.3517942,25.1215393],[121.3515943,25.1215631],[121.3514087,25.1215869],[121.3511137,25.1216583],[121.3508627,25.1217475],[121.3501429,25.1219914],[121.3500001,25.1220152],[121.3499406,25.1220152],[121.3498692,25.1219974],[121.3497027,25.12192],[121.3493398,25.1217118],[121.3491375,25.1216047],[121.3489888,25.1215512],[121.3488996,25.1215512],[121.3488223,25.1215512],[121.3486854,25.1215809],[121.3483523,25.121688],[121.3475522,25.1218516],[121.3467268,25.1220449],[121.3464294,25.1221639],[121.3463327,25.1222234],[121.3462658,25.1223126],[121.3462509,25.1224018],[121.3462435,25.1225208],[121.3462509,25.1226398],[121.3462881,25.1228182],[121.3463773,25.1231306],[121.3464368,25.1233982],[121.3464666,25.1236139],[121.3464443,25.1238667],[121.3463811,25.1241009],[121.3462859,25.1243032],[121.3461431,25.1245173],[121.3461193,25.1245649],[121.3461015,25.1246482],[121.3460896,25.1247731],[121.3460777,25.1248445],[121.3460182,25.1249635],[121.3458992,25.1251479],[121.3456553,25.1254453],[121.3454114,25.125826],[121.3450426,25.1264209],[121.347462,25.127181],[121.347021,25.127923],[121.347937,25.128345],[121.3468905,25.1298798]]]}},{"type":"Feature","properties":{"li":"東勢里"},"geometry":{"type":"Polygon","coordinates":[[[121.3777137,25.0743446],[121.3778755,25.0742494],[121.3781658,25.0741019],[121.3785227,25.0739401],[121.3788226,25.0738354],[121.3790367,25.073764],[121.3792747,25.0737069],[121.3795078,25.0736736],[121.3798142,25.0736528],[121.380153,25.0736733],[121.3804388,25.0737063],[121.3808136,25.0737955],[121.3812657,25.0739443],[121.3815512,25.0740454],[121.3816583,25.0733613],[121.3818249,25.0725344],[121.3817133,25.0717051],[121.3816294,25.0717181],[121.3815546,25.071716],[121.3815073,25.0717366],[121.3813767,25.071783],[121.3812324,25.0718287],[121.3811652,25.0718561],[121.3810508,25.0719131],[121.3809288,25.0719565],[121.3808168,25.071993],[121.3807322,25.0720114],[121.3806475,25.0720252],[121.3805329,25.072021],[121.3803817,25.0720098],[121.3802347,25.0719988],[121.3800303,25.0719631],[121.3798333,25.0719205],[121.3796888,25.0719186],[121.3795069,25.07191],[121.3792652,25.0719129],[121.3791406,25.071911],[121.3789077,25.0719508],[121.3787583,25.071967],[121.3785666,25.0720129],[121.3783799,25.0720429],[121.3782156,25.0721022],[121.3780888,25.0721751],[121.377934,25.0722832],[121.3778446,25.0723787],[121.3777155,25.0725037],[121.3775912,25.0725925],[121.3774546,25.0727425],[121.3773651,25.0727903],[121.3772621,25.0727945],[121.3771748,25.0727584],[121.3770673,25.0726703],[121.3770498,25.0726408],[121.3770172,25.0725616],[121.3770217,25.07243],[121.3770488,25.0723211],[121.3771256,25.0721826],[121.3772655,25.0720221],[121.3773449,25.0719039],[121.3774964,25.0717448],[121.3776926,25.0715652],[121.37798,25.071375],[121.3781219,25.071318],[121.3783134,25.0712358],[121.3785399,25.0711559],[121.3786668,25.0710988],[121.3788857,25.0709804],[121.3789254,25.0709395],[121.3789452,25.0708963],[121.3789601,25.0708759],[121.3789749,25.070835],[121.3789797,25.0707897],[121.3789421,25.0707172],[121.3789342,25.0705778],[121.3789366,25.0705392],[121.3789264,25.0704916],[121.3788988,25.0703987],[121.3788536,25.0702877],[121.3788459,25.0702424],[121.3788558,25.0702129],[121.3789055,25.0701674],[121.3789901,25.0701445],[121.3791421,25.0701328],[121.3792019,25.0701576],[121.3792444,25.0701983],[121.379278,25.0702601],[121.3792981,25.0703122],[121.3793209,25.0704301],[121.3793261,25.0705117],[121.3793962,25.0706249],[121.3794438,25.0707041],[121.3795562,25.0707968],[121.3795887,25.0708262],[121.3796186,25.0708329],[121.3796759,25.070835],[121.3797755,25.0708257],[121.3798926,25.0708073],[121.3799747,25.0707708],[121.3801391,25.0707567],[121.3802786,25.0707632],[121.3804387,25.070772],[121.3805184,25.070765],[121.3806703,25.0707374],[121.38073,25.0707078],[121.3807598,25.0706522],[121.3807746,25.0706159],[121.380794,25.0704548],[121.3808013,25.07038],[121.3808135,25.0702937],[121.3808382,25.0702302],[121.3808704,25.070187],[121.3809276,25.0701529],[121.3809824,25.0701414],[121.3810248,25.0701458],[121.381137,25.0701931],[121.3812194,25.0702451],[121.381296,25.0702812],[121.3813309,25.0702811],[121.3814106,25.0702809],[121.3815001,25.0702262],[121.3815772,25.0701897],[121.3816543,25.07016],[121.3817689,25.070128],[121.3819855,25.0700911],[121.3821374,25.0700703],[121.3823466,25.0700494],[121.3824586,25.070006],[121.3825231,25.0699151],[121.3825379,25.0698743],[121.3825506,25.0698001],[121.3825951,25.069682],[121.3826122,25.0696004],[121.3826243,25.0694915],[121.3826441,25.0694483],[121.3826764,25.0694029],[121.382731,25.0693506],[121.3827832,25.0693097],[121.3828578,25.0692641],[121.3829,25.0692209],[121.3829298,25.0691664],[121.3829296,25.0691324],[121.382917,25.0690576],[121.382889,25.0689768],[121.382799,25.0688659],[121.3827315,25.0687981],[121.3826241,25.0687099],[121.3824769,25.0686559],[121.3822873,25.0685702],[121.3822821,25.068484],[121.3822994,25.0684636],[121.3824636,25.0683657],[121.3825978,25.0682837],[121.3827246,25.0682062],[121.3827675,25.0681729],[121.3828769,25.0680796],[121.3828992,25.0680501],[121.3829189,25.0679639],[121.3829261,25.0679004],[121.3828884,25.067803],[121.3828757,25.067701],[121.3828747,25.067388],[121.3827969,25.0673003],[121.3826867,25.0671464],[121.3827138,25.0670489],[121.3827428,25.0667563],[121.3827424,25.0666316],[121.3827263,25.0663376],[121.3827182,25.0661494],[121.382693,25.0660701],[121.382663,25.0660248],[121.3824512,25.0660027],[121.3822046,25.0660215],[121.3819805,25.0660448],[121.38173,25.0660796],[121.381608,25.0660957],[121.3814685,25.0661165],[121.3813789,25.0661168],[121.3810725,25.0661493],[121.3808932,25.0661566],[121.3807073,25.0661404],[121.3805255,25.0661341],[121.3802563,25.0661053],[121.3801243,25.0661034],[121.379895,25.0660836],[121.3798575,25.0660451],[121.3798598,25.0659793],[121.3799416,25.0658544],[121.3799813,25.0657976],[121.3800356,25.0656524],[121.3800676,25.0655208],[121.3800971,25.0653733],[121.380137,25.065145],[121.3801083,25.0651712],[121.3801019,25.0651771],[121.380075,25.0652015],[121.3798983,25.0652532],[121.3797088,25.0653174],[121.3795963,25.0653638],[121.3794308,25.0654178],[121.3792679,25.0654685],[121.378928,25.0655972],[121.3787297,25.0656705],[121.378659,25.065685],[121.3785744,25.065712],[121.3784771,25.0657435],[121.3782145,25.0658027],[121.3779684,25.0658632],[121.3776781,25.065913],[121.3774547,25.0659598],[121.3773998,25.0659716],[121.3771449,25.0683433],[121.377052,25.06915],[121.3769806,25.0696854],[121.376933,25.0700304],[121.3768557,25.0705539],[121.37682,25.0706669],[121.3767808,25.0708421],[121.3765465,25.0713873],[121.37639,25.0716887],[121.3760871,25.0721051],[121.3758794,25.0723582],[121.3754789,25.0728048],[121.376401,25.0734998],[121.3770167,25.0739549],[121.3774117,25.0742737],[121.3775876,25.0744249],[121.3777137,25.0743446]]]}},{"type":"Feature","properties":{"li":"南勢里"},"geometry":{"type":"Polygon","coordinates":[[[121.3637532,25.0764645],[121.3637088,25.0763719],[121.3636195,25.076241],[121.3640538,25.0759436],[121.362373,25.074523],[121.360212,25.072712],[121.3599632,25.0725033],[121.358902,25.071613],[121.358116,25.071025],[121.357332,25.070224],[121.357038,25.069809],[121.356644,25.069252],[121.3563853,25.0687654],[121.35578,25.067627],[121.355587,25.067095],[121.355324,25.066029],[121.3551644,25.0651258],[121.3551029,25.0651299],[121.354972,25.0651349],[121.3548877,25.0651478],[121.3549046,25.0652878],[121.3549025,25.0653707],[121.3549013,25.0654163],[121.3549192,25.0654989],[121.3549259,25.0655827],[121.3549275,25.0656871],[121.3549354,25.0657789],[121.3549432,25.065834],[121.3549409,25.0659018],[121.3549362,25.0659821],[121.354939,25.066059],[121.354952,25.0661726],[121.3549499,25.0662633],[121.3549413,25.0663437],[121.3549592,25.0664113],[121.3549784,25.0664825],[121.3549988,25.0665627],[121.3550306,25.0666384],[121.3550448,25.0667382],[121.3550677,25.0668001],[121.3551008,25.0668712],[121.3551024,25.0669642],[121.3550927,25.067079],[121.3550377,25.067179],[121.3549749,25.0672286],[121.3548743,25.067269],[121.3547989,25.0673014],[121.3546632,25.0673776],[121.3545652,25.0674272],[121.3544433,25.0674942],[121.3543465,25.0675507],[121.3542875,25.0675842],[121.3542109,25.0676384],[121.3541254,25.06768],[121.3540387,25.0677273],[121.3539633,25.0677596],[121.353913,25.0677862],[121.3538576,25.0677944],[121.3538237,25.0678186],[121.3537824,25.0678784],[121.3537562,25.0679416],[121.3537654,25.0680415],[121.3537808,25.0681103],[121.3537925,25.0682067],[121.3538066,25.0682962],[121.3538158,25.0683857],[121.3538187,25.0684763],[121.3538076,25.0685521],[121.3537737,25.0685832],[121.3537133,25.0685949],[121.3536265,25.0686193],[121.3535687,25.0686401],[121.3534881,25.0686507],[121.3533762,25.0686831],[121.3532994,25.0686903],[121.3531975,25.0687009],[121.3531144,25.0687058],[121.3530162,25.068721],[121.3528677,25.0687375],[121.3527191,25.0687483],[121.3525933,25.0687682],[121.3525341,25.0687764],[121.3523742,25.0687826],[121.3522987,25.0687932],[121.3522836,25.068784],[121.3522832,25.0686899],[121.3522892,25.0686153],[121.3522939,25.068512],[121.3522948,25.0684293],[121.3522995,25.0683249],[121.3522966,25.068233],[121.3523025,25.0681309],[121.3523136,25.0680677],[121.3522996,25.0680195],[121.3523132,25.0679713],[121.3523231,25.067915],[121.3523042,25.0679036],[121.3522173,25.0679199],[121.3521368,25.0679236],[121.3520751,25.0679387],[121.3519997,25.0679688],[121.351923,25.0679977],[121.351816,25.0680244],[121.3517293,25.068058],[121.3516539,25.0680938],[121.3515633,25.0681285],[121.3514439,25.0681851],[121.3513924,25.0682151],[121.3513283,25.0682543],[121.3512204,25.0683603],[121.3511452,25.068434],[121.351085,25.0685053],[121.3510662,25.0685375],[121.3510174,25.0686237],[121.3509397,25.0687112],[121.3508607,25.0688067],[121.3508169,25.0688642],[121.3507667,25.0689115],[121.3507014,25.0689725],[121.3506148,25.0690428],[121.3505307,25.0691222],[121.3504529,25.0691913],[121.3504077,25.0692339],[121.3503249,25.069303],[121.3502508,25.0693515],[121.3501051,25.0694518],[121.3500385,25.0694899],[121.3499203,25.0695488],[121.3498059,25.0696008],[121.3496953,25.0696527],[121.349552,25.0697048],[121.3494237,25.06975],[121.3493231,25.0697767],[121.3492137,25.0698218],[121.3490678,25.0698658],[121.3489722,25.0698914],[121.3488589,25.0699066],[121.3487909,25.0699057],[121.3487191,25.0699036],[121.3486221,25.069889],[121.3484949,25.0698768],[121.3484193,25.0698667],[121.3483512,25.0698485],[121.3482793,25.0698292],[121.3481684,25.0698008],[121.3480513,25.0697886],[121.3479657,25.0697911],[121.3478436,25.0698294],[121.347748,25.069856],[121.3476776,25.0698758],[121.3476097,25.0698943],[121.3474839,25.0699441],[121.3473708,25.0699984],[121.3472413,25.0700619],[121.3471068,25.0701231],[121.346966,25.0701718],[121.3468113,25.0702193],[121.3466929,25.0702277],[121.3465557,25.0702441],[121.3464765,25.0702685],[121.3464502,25.0702996],[121.346478,25.0703419],[121.3465789,25.0703784],[121.3467099,25.070394],[121.3467578,25.0704008],[121.3468636,25.0704062],[121.346938,25.0704221],[121.3471119,25.0704652],[121.347243,25.0704946],[121.347301,25.0705197],[121.3474119,25.07054],[121.3475027,25.0705834],[121.347615,25.0706381],[121.3477688,25.0707008],[121.3478269,25.0707454],[121.3479329,25.0708002],[121.3479721,25.0708414],[121.3480226,25.0708722],[121.348106,25.0709477],[121.3482449,25.0710575],[121.3482779,25.071132],[121.3483136,25.0712329],[121.3483301,25.0712856],[121.3483835,25.0714083],[121.3484204,25.0715253],[121.3484522,25.071609],[121.3484739,25.0716893],[121.3485044,25.0717615],[121.3485578,25.0718807],[121.3486034,25.0719678],[121.3486427,25.0720388],[121.3486884,25.0721202],[121.3487301,25.0721717],[121.3487795,25.0722531],[121.3488947,25.0723905],[121.3489401,25.0724144],[121.3489626,25.0723719],[121.3489597,25.0722743],[121.3489392,25.072194],[121.34894,25.0720597],[121.3489295,25.0719553],[121.3489241,25.0718428],[121.3489415,25.0717969],[121.3489765,25.0717118],[121.3490153,25.0716681],[121.3490855,25.0715623],[121.3491707,25.071461],[121.3492385,25.0714],[121.3493114,25.071363],[121.3494359,25.0713294],[121.3495768,25.071298],[121.349694,25.0713091],[121.3497796,25.0712916],[121.3498526,25.0713017],[121.349956,25.0713278],[121.3500859,25.0713928],[121.3501706,25.0714683],[121.350196,25.0715291],[121.3502327,25.071568],[121.3502783,25.0716402],[121.3503276,25.0717032],[121.3504226,25.0718487],[121.3505126,25.0719942],[121.3505217,25.0720837],[121.3505159,25.0722065],[121.35049,25.0723409],[121.3504587,25.0724098],[121.3504251,25.072496],[121.3504165,25.0725546],[121.3504242,25.0726097],[121.3504624,25.072714],[121.350522,25.0728183],[121.3506143,25.0729064],[121.3506849,25.072951],[121.3508287,25.0730125],[121.3509472,25.0730454],[121.35098,25.0730591],[121.3510595,25.0730979],[121.3511138,25.0731459],[121.3511845,25.0731779],[121.3512193,25.0732],[121.3513386,25.0733194],[121.3514191,25.0733713],[121.3515422,25.0734474],[121.3516629,25.0735247],[121.351722,25.073565],[121.3518038,25.0736054],[121.3518755,25.0736344],[121.3519649,25.0736587],[121.3520329,25.0736647],[121.3520732,25.0736614],[121.3521717,25.0736193],[121.3522563,25.0735737],[121.3523498,25.0735179],[121.3524861,25.073461],[121.3526868,25.0733722],[121.3529089,25.0733019],[121.3530034,25.073293],[121.3531913,25.0732639],[121.3533677,25.0732748],[121.3534307,25.0732727],[121.3534609,25.0732923],[121.3534759,25.0733302],[121.3534682,25.0733623],[121.3534366,25.0733897],[121.3533734,25.0734457],[121.3533076,25.0735051],[121.3531989,25.0735851],[121.3531269,25.0736376],[121.3530624,25.0736958],[121.3529991,25.0737541],[121.35297,25.0737793],[121.3528992,25.0738341],[121.3528348,25.0738912],[121.352764,25.0739311],[121.3526391,25.0739834],[121.3525507,25.0740209],[121.3525078,25.0740323],[121.3524221,25.0740389],[121.3523099,25.0740488],[121.3522481,25.0740612],[121.3520967,25.0741065],[121.352055,25.0741282],[121.352012,25.0741613],[121.3519236,25.0742275],[121.3518805,25.0742859],[121.3518184,25.0743785],[121.3517878,25.0744472],[121.3517613,25.0744586],[121.3516833,25.0744354],[121.3516041,25.0743847],[121.3515551,25.0743398],[121.3514659,25.0742683],[121.3514195,25.0742292],[121.351338,25.0741234],[121.351235,25.0740186],[121.3511849,25.0739508],[121.3511297,25.0738956],[121.3510706,25.0738552],[121.3509298,25.0737687],[121.3507788,25.0737051],[121.3507285,25.0736831],[121.3506719,25.0736623],[121.3505649,25.0736172],[121.3504542,25.0735697],[121.3503371,25.0735384],[121.3502338,25.073522],[121.3501091,25.0735192],[121.3500196,25.07352],[121.3499603,25.0735336],[121.3498973,25.073538],[121.3498554,25.0736124],[121.3498475,25.0737121],[121.3498799,25.0738075],[121.3499336,25.0739166],[121.3499649,25.0739855],[121.3500199,25.0740913],[121.3500899,25.074236],[121.3501046,25.074345],[121.3500967,25.0744391],[121.3500889,25.0744929],[121.3500356,25.0745856],[121.3500204,25.0745948],[121.3499887,25.0746566],[121.3499897,25.0747243],[121.3500235,25.0747852],[121.3500862,25.0748496],[121.3501339,25.0749026],[121.3502343,25.074997],[121.350326,25.0750845],[121.3503812,25.0751569],[121.3504074,25.0752075],[121.3504235,25.0752775],[121.3504232,25.0753681],[121.3504065,25.0754323],[121.3503898,25.0755102],[121.3503275,25.0756533],[121.3503008,25.0757095],[121.3502552,25.075785],[121.3502195,25.0758732],[121.3501623,25.0759991],[121.3501292,25.0760851],[121.3500832,25.0762569],[121.3500411,25.0763944],[121.3500028,25.0765067],[121.3499698,25.0765593],[121.3499217,25.0766291],[121.3498699,25.0766588],[121.3498409,25.0766587],[121.3497957,25.0766195],[121.3497782,25.0765747],[121.3497368,25.0765241],[121.3497244,25.0764805],[121.3496674,25.0762234],[121.3496337,25.0761441],[121.3496177,25.0760408],[121.3495853,25.0759593],[121.3495494,25.075802],[121.3495121,25.0756757],[121.3494733,25.0755976],[121.3494434,25.0755011],[121.3494172,25.0754483],[121.349356,25.0752955],[121.349276,25.0751301],[121.349231,25.0750497],[121.349196,25.0749727],[121.3491886,25.0749199],[121.3490936,25.0747395],[121.3490423,25.0746395],[121.3489834,25.0745487],[121.3489484,25.0744935],[121.3488932,25.0744188],[121.3487866,25.0742957],[121.3486849,25.0741864],[121.3486422,25.074153],[121.3485719,25.0740976],[121.3485015,25.0740435],[121.3483355,25.0739477],[121.348133,25.0738553],[121.3480349,25.0738194],[121.3479606,25.0738007],[121.3477856,25.0737565],[121.3476458,25.07374],[121.3474921,25.0737108],[121.3473674,25.0736954],[121.3472754,25.073694],[121.3471469,25.073682],[121.3470033,25.0736689],[121.3468698,25.073657],[121.3467489,25.0736439],[121.346648,25.0736482],[121.3465271,25.0736431],[121.3462336,25.0736123],[121.3461428,25.0736063],[121.3460698,25.0735991],[121.345823,25.0735569],[121.3456429,25.0735288],[121.3455056,25.0735031],[121.3454086,25.0734844],[121.3452739,25.0734438],[121.3451707,25.0734159],[121.3451052,25.0734076],[121.345007,25.0733958],[121.3449214,25.0733783],[121.3448269,25.0733665],[121.3447286,25.0733569],[121.3446241,25.073344],[121.3444339,25.0733215],[121.3443067,25.0732924],[121.3442388,25.0732725],[121.3441828,25.0732556],[121.3441454,25.0732345],[121.3440469,25.0731752],[121.3439448,25.0731445],[121.343849,25.073116],[121.3437179,25.0730774],[121.3435968,25.0730353],[121.3435553,25.0730308],[121.3434242,25.0730129],[121.3433032,25.0729811],[121.3432024,25.072955],[121.3431267,25.0729288],[121.3430914,25.0729174],[121.3430032,25.0728913],[121.342915,25.0728709],[121.3427776,25.0728346],[121.3426919,25.0728119],[121.3426377,25.0728005],[121.3425306,25.0727813],[121.342402,25.0727634],[121.3422672,25.0727293],[121.3421815,25.0727112],[121.3420996,25.0726977],[121.3420202,25.0726922],[121.3419182,25.0726753],[121.3418539,25.0726709],[121.3418414,25.0726812],[121.3418528,25.072711],[121.341892,25.072758],[121.3419413,25.0728026],[121.3420082,25.0728563],[121.3420474,25.072901],[121.3421458,25.0729443],[121.342306,25.0730058],[121.3423981,25.0730572],[121.3424738,25.0730937],[121.3425962,25.0731657],[121.3426807,25.0732029],[121.3426997,25.0733578],[121.3426654,25.0734265],[121.3426034,25.0734974],[121.3425439,25.0735545],[121.3424114,25.0736068],[121.3422727,25.0736132],[121.342172,25.0735853],[121.3420234,25.0735584],[121.341934,25.0735443],[121.3418396,25.0735233],[121.3416835,25.0734849],[121.3414303,25.0734554],[121.3412728,25.0734571],[121.3411265,25.0734634],[121.341013,25.0734894],[121.3408956,25.0735395],[121.3408211,25.0735862],[121.3407452,25.0736456],[121.3407085,25.0736959],[121.3406831,25.0737417],[121.3406602,25.0737898],[121.3406248,25.0738321],[121.34057,25.0739638],[121.3405292,25.0740795],[121.3405315,25.0741564],[121.3405449,25.0742654],[121.3405547,25.0743227],[121.3405732,25.0744272],[121.3406027,25.0746165],[121.3406211,25.0747302],[121.3406284,25.0748185],[121.3406418,25.0749206],[121.3406564,25.075056],[121.3406621,25.0752074],[121.3406667,25.0753003],[121.3406752,25.0753933],[121.3406887,25.0754759],[121.3406783,25.0755481],[121.3406566,25.0756306],[121.3405994,25.0757463],[121.3405651,25.0758138],[121.34048,25.0759844],[121.3404217,25.0760748],[121.3403847,25.0761676],[121.3403857,25.0762421],[121.3404119,25.0762984],[121.3404596,25.0763571],[121.3405087,25.0763779],[121.3405465,25.076362],[121.3406109,25.0763335],[121.3406869,25.0762421],[121.3407795,25.0761013],[121.3408314,25.0760373],[121.3408733,25.075964],[121.3409175,25.0759275],[121.340967,25.0758462],[121.3410366,25.0757685],[121.3411062,25.0757091],[121.3411717,25.0757059],[121.3412106,25.0757599],[121.341248,25.0758495],[121.341264,25.0759367],[121.3412574,25.0760285],[121.3412368,25.0761431],[121.3412148,25.0762772],[121.3412082,25.0763575],[121.3412406,25.0764356],[121.3412908,25.0764954],[121.3413775,25.0765599],[121.3415259,25.0766327],[121.3415726,25.0766226],[121.3416269,25.0765838],[121.3416637,25.0765139],[121.3417309,25.0764327],[121.3418359,25.0763127],[121.3419664,25.0761618],[121.3420132,25.0761069],[121.3420766,25.0760188],[121.3421487,25.0759491],[121.3422411,25.0758508],[121.3423196,25.0757478],[121.3424132,25.0756621],[121.3424524,25.0756267],[121.3425245,25.0755708],[121.3426548,25.0754428],[121.3427825,25.0753412],[121.3428091,25.0753034],[121.342847,25.0752932],[121.3428946,25.0753461],[121.3429347,25.0754174],[121.3429623,25.0754301],[121.3430052,25.0754406],[121.3432602,25.075313],[121.3433347,25.0752835],[121.3434345,25.0752208],[121.3434876,25.0751911],[121.3435659,25.0751444],[121.3437161,25.0750715],[121.3437867,25.0750855],[121.3438521,25.0751064],[121.3439276,25.0751227],[121.3439805,25.0751298],[121.3440738,25.0751267],[121.3442012,25.0751076],[121.3442894,25.0750942],[121.3444244,25.0750717],[121.3444887,25.075049],[121.3445468,25.0750355],[121.344606,25.0750299],[121.3446589,25.0750508],[121.3446765,25.0750531],[121.3446787,25.0751208],[121.3447012,25.0751805],[121.3447477,25.0752048],[121.3448169,25.075236],[121.3449378,25.0752582],[121.3449983,25.0752619],[121.3451456,25.0752888],[121.3452665,25.0753224],[121.3453949,25.0753527],[121.3455699,25.0753866],[121.3457185,25.0754273],[121.3458519,25.0754667],[121.3461351,25.0755446],[121.3461741,25.0755688],[121.3462143,25.075593],[121.3462318,25.0756413],[121.3461951,25.0756698],[121.3461068,25.0757119],[121.3459794,25.0757298],[121.3458116,25.0757659],[121.3455973,25.0757996],[121.3454295,25.0758277],[121.3452921,25.0758593],[121.3451357,25.0758805],[121.3449667,25.0759178],[121.344857,25.07593],[121.3446917,25.0759822],[121.3445491,25.0760264],[121.3444746,25.0760594],[121.3444517,25.076127],[121.3444388,25.0762015],[121.3444196,25.076268],[121.3443748,25.0764399],[121.3443239,25.0765647],[121.3442908,25.0766575],[121.3442676,25.0767686],[121.3442333,25.0768385],[121.3442042,25.0768831],[121.3441622,25.0769713],[121.344071,25.077096],[121.3440342,25.0771681],[121.3440124,25.0772414],[121.3439818,25.0773365],[121.3439664,25.0773984],[121.3440139,25.0775098],[121.3440916,25.0776202],[121.3441203,25.0776822],[121.3441666,25.0777592],[121.3442205,25.0778432],[121.3443498,25.0779755],[121.3443989,25.0779711],[121.3444608,25.0779335],[121.3445039,25.0778728],[121.3445431,25.077842],[121.3445889,25.0777389],[121.3446395,25.0776921],[121.3447031,25.0775547],[121.3447767,25.0774231],[121.344816,25.0773544],[121.344896,25.0772136],[121.3449453,25.0771656],[121.345006,25.0771188],[121.3451511,25.0770826],[121.3452091,25.0770748],[121.3453087,25.0770533],[121.3453958,25.077033],[121.3455194,25.0770025],[121.3456697,25.0769158],[121.3458048,25.0768521],[121.345921,25.076786],[121.3460521,25.0767761],[121.3462613,25.0767688],[121.3463545,25.0767841],[121.34642,25.0768072],[121.3464791,25.0768361],[121.3465042,25.0768706],[121.3465188,25.0770014],[121.3465283,25.0771528],[121.3464765,25.0771664],[121.3463819,25.0771856],[121.346213,25.077193],[121.3460946,25.0771938],[121.3459596,25.0772277],[121.3458751,25.0772503],[121.3457577,25.0772878],[121.3456164,25.0773354],[121.345533,25.0773799],[121.3454621,25.0774576],[121.345405,25.077556],[121.3453708,25.0776075],[121.3453338,25.0777164],[121.3452919,25.0777908],[121.3452588,25.0778824],[121.3452142,25.0780004],[121.3451912,25.0780852],[121.345172,25.0781551],[121.3451551,25.0782766],[121.3451562,25.0783328],[121.3451785,25.0784292],[121.3452461,25.0785441],[121.3453303,25.0786029],[121.3454096,25.0786135],[121.3455079,25.0786322],[121.345703,25.0786708],[121.3458327,25.0787045],[121.345921,25.0786876],[121.3459879,25.0786672],[121.3460838,25.0786274],[121.3461949,25.0785716],[121.346426,25.0784531],[121.3465057,25.0783995],[121.3466054,25.0783528],[121.346676,25.0783416],[121.3467327,25.0783556],[121.3467779,25.0783913],[121.3468495,25.0784443],[121.346954,25.0784848],[121.3470445,25.0785287],[121.3471402,25.0785497],[121.3472056,25.0785935],[121.3473755,25.0786423],[121.3474649,25.0786678],[121.3475341,25.0787082],[121.3475995,25.078736],[121.3476612,25.0787557],[121.3477682,25.0787675],[121.3478754,25.0787656],[121.3479535,25.0787693],[121.3479824,25.0787981],[121.3479897,25.0788463],[121.3479529,25.0789115],[121.3479061,25.0789653],[121.3478945,25.0790364],[121.3479018,25.0790903],[121.3479205,25.0791569],[121.3478737,25.07919],[121.3477879,25.0792229],[121.3476717,25.0792684],[121.347557,25.0792932],[121.3474712,25.0793044],[121.3473463,25.0793303],[121.3472076,25.0793551],[121.3471458,25.0793652],[121.3470815,25.0793707],[121.3470185,25.0793751],[121.3469353,25.0793862],[121.3468432,25.0793985],[121.3467738,25.0794189],[121.3467056,25.0794508],[121.346621,25.0794975],[121.3465428,25.0795236],[121.3465012,25.0795338],[121.3464609,25.0795256],[121.3464219,25.0795094],[121.3463741,25.0794783],[121.3463265,25.079399],[121.3462125,25.0792415],[121.3461699,25.0791782],[121.3461561,25.079161],[121.3461246,25.0791597],[121.3460527,25.0791686],[121.3459631,25.0791924],[121.3458684,25.0792322],[121.3458267,25.0792653],[121.3458379,25.0793032],[121.3458704,25.0793641],[121.3458627,25.0793973],[121.345845,25.0794214],[121.3457983,25.079443],[121.3456518,25.0795056],[121.3455472,25.0795213],[121.3454298,25.0795518],[121.3452482,25.0795959],[121.3451612,25.0796059],[121.3450501,25.0796491],[121.3449366,25.0796751],[121.3448092,25.0796907],[121.3446907,25.0796983],[121.3446138,25.0797015],[121.3445092,25.079708],[121.3444324,25.0797043],[121.3443291,25.0796878],[121.344212,25.0796599],[121.3440772,25.0796376],[121.3439462,25.0796234],[121.3437899,25.079624],[121.3436967,25.0796305],[121.343616,25.0796394],[121.3434949,25.0796688],[121.343399,25.0796994],[121.3432904,25.0797323],[121.343187,25.0797618],[121.343057,25.0798049],[121.3429055,25.0798651],[121.3428286,25.0798821],[121.342744,25.0799253],[121.3426417,25.0799594],[121.3425155,25.0800163],[121.3424763,25.0800586],[121.3424711,25.080093],[121.3425088,25.0801103],[121.3425642,25.0801231],[121.3427393,25.0801467],[121.3429194,25.0801714],[121.34316,25.0801941],[121.3432583,25.0802105],[121.3433654,25.0802154],[121.3434473,25.080226],[121.3436286,25.0802519],[121.3437773,25.0802605],[121.3438907,25.0802769],[121.3439662,25.0802887],[121.3440859,25.0803155],[121.3442672,25.0803448],[121.344436,25.0803661],[121.3445381,25.0803756],[121.3446212,25.0803908],[121.3447471,25.0804096],[121.3449083,25.080448],[121.345067,25.0804773],[121.3451766,25.0804949],[121.3452596,25.0805169],[121.3453188,25.0805286],[121.3456551,25.0805757],[121.3457433,25.0805794],[121.3458781,25.0805983],[121.3459966,25.0806056],[121.3461264,25.0806106],[121.3463028,25.0806078],[121.3464389,25.0806197],[121.3465359,25.0806235],[121.3466304,25.0806227],[121.3468093,25.0806394],[121.3469328,25.0806559],[121.3470082,25.0806906],[121.347124,25.0807346],[121.3472209,25.0807728],[121.3473468,25.0808076],[121.347503,25.0808219],[121.3475924,25.0808349],[121.3477159,25.080841],[121.3478091,25.0808632],[121.3479728,25.080905],[121.3480924,25.080933],[121.3481779,25.0809711],[121.3482672,25.081023],[121.3483515,25.0810601],[121.3484785,25.0811247],[121.3485767,25.0811606],[121.3486951,25.0811828],[121.3487971,25.0812004],[121.3489407,25.0812147],[121.3490656,25.0811876],[121.3491982,25.0811238],[121.3492563,25.0810942],[121.3493031,25.0810336],[121.3493298,25.0809867],[121.3493276,25.0808972],[121.3493344,25.0807882],[121.349366,25.0807413],[121.3494278,25.0807484],[121.3495322,25.0807958],[121.3496001,25.0808408],[121.3496793,25.080895],[121.349756,25.0809388],[121.34981,25.0809815],[121.3499106,25.0810415],[121.3500603,25.0811028],[121.3501056,25.0811282],[121.3502037,25.0811664],[121.3502364,25.0811883],[121.3502614,25.0812377],[121.3502408,25.0813546],[121.350195,25.0814806],[121.3501607,25.0815424],[121.3501339,25.081626],[121.3500969,25.0817337],[121.3500488,25.0817909],[121.349997,25.08184],[121.3498883,25.081897],[121.3498113,25.081946],[121.3497746,25.0819861],[121.3497139,25.082034],[121.3496114,25.0821484],[121.3495772,25.0821849],[121.3494963,25.0822477],[121.3493825,25.0823288],[121.3492651,25.0823926],[121.349202,25.082405],[121.3491151,25.0824047],[121.3490433,25.0823907],[121.3489552,25.082364],[121.3488494,25.0823303],[121.3487373,25.0823093],[121.3486277,25.0822963],[121.3484778,25.08229],[121.348305,25.0823112],[121.3481524,25.08236],[121.3480614,25.0824067],[121.3479793,25.082466],[121.3479072,25.0825312],[121.347849,25.0825883],[121.3477959,25.0826283],[121.347672,25.0827265],[121.3475646,25.0828064],[121.3474799,25.0828565],[121.3473827,25.0829078],[121.3471946,25.0829771],[121.3469839,25.0830417],[121.3468085,25.0831053],[121.3467768,25.0831454],[121.3467827,25.0832463],[121.3468088,25.0833485],[121.3468262,25.0834105],[121.3468045,25.0834666],[121.3467615,25.0835055],[121.3466997,25.0835328],[121.3465609,25.0835655],[121.3464019,25.0836223],[121.3462959,25.083646],[121.3461837,25.0836651],[121.3460967,25.0836568],[121.3460413,25.083644],[121.3459003,25.0836125],[121.3457844,25.083588],[121.3456585,25.08356],[121.3455792,25.0835425],[121.3454784,25.083525],[121.3454256,25.0835088],[121.3453499,25.0835062],[121.345292,25.0835014],[121.3451811,25.083501],[121.3450701,25.0835086],[121.3450008,25.0835084],[121.3448583,25.0835354],[121.344712,25.0835521],[121.3445632,25.0835779],[121.3444447,25.0835844],[121.3443603,25.0835898],[121.3442606,25.0836158],[121.3441849,25.0836362],[121.3441318,25.0836658],[121.3440913,25.0837196],[121.344038,25.0838146],[121.3440176,25.0838776],[121.3439643,25.0839715],[121.343844,25.0840984],[121.3437783,25.084152],[121.3437164,25.0841747],[121.3436685,25.0841906],[121.3435978,25.0842156],[121.343516,25.0841912],[121.343482,25.0841785],[121.3433764,25.0841024],[121.343315,25.0840116],[121.3432422,25.0839448],[121.3432159,25.0839069],[121.3431631,25.0838688],[121.3431203,25.083871],[121.3429436,25.0839151],[121.3428212,25.0839536],[121.3427304,25.0839866],[121.342671,25.0840093],[121.3425739,25.0840296],[121.3425298,25.0840363],[121.3424139,25.0840198],[121.3423106,25.0840069],[121.3422563,25.084025],[121.3421845,25.0840248],[121.3420736,25.0840221],[121.3419664,25.0840297],[121.3418613,25.084037],[121.3418252,25.0840395],[121.3417117,25.0840609],[121.3416248,25.0840583],[121.3415113,25.0840602],[121.341403,25.0840449],[121.3412379,25.084034],[121.3410843,25.0840128],[121.3409621,25.084002],[121.3408285,25.0839843],[121.3407441,25.0839714],[121.3406509,25.0839619],[121.340525,25.0839397],[121.340389,25.0839105],[121.340297,25.0838987],[121.3402126,25.0838904],[121.340059,25.08386],[121.3399343,25.0838274],[121.339821,25.0838098],[121.3397177,25.0837773],[121.3396056,25.0837586],[121.3394999,25.0837364],[121.339379,25.0837119],[121.339277,25.083692],[121.3391687,25.083671],[121.3390742,25.0836638],[121.3389104,25.0836483],[121.3387794,25.0836294],[121.338671,25.0836313],[121.3384325,25.0837004],[121.3383808,25.0837094],[121.3382975,25.0837424],[121.3381939,25.0837936],[121.3380663,25.08387],[121.3377112,25.0841107],[121.3375407,25.0842168],[121.3374294,25.0843047],[121.3373498,25.0843652],[121.3372828,25.0844131],[121.3372056,25.0844793],[121.3371373,25.0845376],[121.3370424,25.0846301],[121.3369476,25.0847112],[121.3368704,25.0847935],[121.3368083,25.0848713],[121.3367362,25.0849341],[121.3366287,25.0850152],[121.3365673,25.085064],[121.3369004,25.0851711],[121.3372514,25.0852781],[121.3378961,25.0854008],[121.3383303,25.0855139],[121.3386635,25.085615],[121.3392286,25.0857815],[121.3393535,25.0857994],[121.3395082,25.0857994],[121.3396926,25.0857696],[121.339996,25.0857102],[121.340567,25.0855674],[121.3408407,25.0855198],[121.3410548,25.0855019],[121.3412273,25.0855019],[121.3414474,25.0855317],[121.3419798,25.0856298],[121.3424367,25.0857345],[121.3427936,25.085825],[121.3431648,25.0859106],[121.3434266,25.085963],[121.3437954,25.0859939],[121.3443129,25.0859701],[121.3445747,25.0859404],[121.3449732,25.0858749],[121.3456454,25.08575],[121.3462105,25.085631],[121.3468292,25.0855061],[121.3474181,25.0853812],[121.3480427,25.0852384],[121.348358,25.0851373],[121.349173,25.084816],[121.350478,25.0842903],[121.3513881,25.0838799],[121.3519354,25.0837133],[121.3524054,25.0836122],[121.3527563,25.0835348],[121.3535713,25.0833028],[121.3538568,25.0832493],[121.3539639,25.0832077],[121.3540412,25.0831482],[121.35419,25.0830113],[121.3542851,25.0829519],[121.3543922,25.0829102],[121.3545409,25.0828626],[121.3546421,25.0828388],[121.3548622,25.0827377],[121.3550942,25.0826009],[121.3553262,25.0824165],[121.3554927,25.082244],[121.3555998,25.0821309],[121.3556593,25.0820179],[121.3557009,25.081896],[121.3557307,25.0816431],[121.3557976,25.0814424],[121.3558496,25.0812565],[121.3558943,25.081197],[121.3559686,25.0811598],[121.3564371,25.0810037],[121.3567025,25.0808973],[121.3569821,25.0807308],[121.3571844,25.0806356],[121.3573639,25.0805905],[121.3577565,25.080537],[121.3580053,25.0805345],[121.3580945,25.0805464],[121.3581421,25.080582],[121.358154,25.0806237],[121.3581719,25.0807962],[121.3582135,25.0810579],[121.358267,25.0813018],[121.3583325,25.0815279],[121.3583801,25.0816528],[121.3584336,25.0817539],[121.3585288,25.081861],[121.3586478,25.0819502],[121.3587548,25.0820157],[121.3588868,25.0820658],[121.3589932,25.0820758],[121.3590761,25.0820811],[121.3591594,25.0820811],[121.3592437,25.0820658],[121.3593438,25.0820276],[121.3595698,25.0819145],[121.3596828,25.0818729],[121.3598851,25.0818491],[121.360242,25.0818551],[121.3609797,25.0818967],[121.3613544,25.0819086],[121.3614437,25.0818967],[121.3616043,25.081861],[121.3617362,25.0818041],[121.3620039,25.0816434],[121.3623694,25.0813442],[121.3626312,25.0810706],[121.3626966,25.0809814],[121.3627263,25.0808624],[121.3627323,25.0807077],[121.3627263,25.0805649],[121.3626966,25.0804341],[121.3626193,25.0802854],[121.3625717,25.0801842],[121.3624824,25.0800712],[121.3623337,25.0799463],[121.3622148,25.0798689],[121.3621315,25.0798154],[121.3619828,25.0797619],[121.3618459,25.0797143],[121.3617864,25.0796667],[121.3617627,25.079637],[121.3617627,25.0795894],[121.3617659,25.0795614],[121.3617864,25.0795299],[121.3618638,25.0794763],[121.362072,25.0793693],[121.3622504,25.0793038],[121.3623992,25.07928],[121.3625538,25.0792741],[121.3626728,25.0792503],[121.3627858,25.0791968],[121.3628632,25.0791313],[121.3629345,25.0790302],[121.3630297,25.0788696],[121.3630773,25.0787387],[121.3630952,25.0786138],[121.3630892,25.0785602],[121.3630714,25.0785364],[121.3629464,25.0784472],[121.3628691,25.0783758],[121.3628394,25.0783223],[121.3628215,25.0782509],[121.3628394,25.0781855],[121.3628989,25.0781081],[121.363,25.0779356],[121.3630654,25.0777929],[121.363113,25.0775966],[121.3631368,25.0774597],[121.3632022,25.0771623],[121.3632677,25.076966],[121.3634104,25.0766626],[121.3634613,25.076593],[121.3634937,25.0765615],[121.3636067,25.0765079],[121.3637532,25.0764645]]]}},{"type":"Feature","properties":{"li":"林口里"},"geometry":{"type":"Polygon","coordinates":[[[121.3903088,25.0765511],[121.3903143,25.0765781],[121.390548,25.076574],[121.39069,25.076851],[121.390682,25.076916],[121.390708,25.077203],[121.390663,25.077203],[121.390641,25.077259],[121.3905845,25.0772689],[121.3905848,25.0773505],[121.3905936,25.0774236],[121.390468,25.077457],[121.390462,25.077544],[121.390535,25.077656],[121.3906214,25.0776523],[121.3908858,25.0776421],[121.3919062,25.0774773],[121.3906624,25.0787094],[121.3915105,25.0786191],[121.3921908,25.0785656],[121.394091,25.0784761],[121.3956996,25.078332],[121.3963197,25.0782257],[121.3968111,25.0780918],[121.3970114,25.0780017],[121.3973411,25.0777357],[121.3976236,25.0775092],[121.3978082,25.0773617],[121.3980199,25.0771892],[121.3980983,25.0770994],[121.3981355,25.077018],[121.3981926,25.0768895],[121.3982354,25.0768039],[121.3982659,25.0767207],[121.398295,25.0766413],[121.3982572,25.0766195],[121.3982233,25.0765998],[121.398175,25.0765589],[121.3981509,25.0765453],[121.3981418,25.0765289],[121.3981446,25.0764823],[121.3981443,25.0763919],[121.3981562,25.0763289],[121.398174,25.0762604],[121.3981773,25.0762175],[121.3981832,25.0761874],[121.3982011,25.0761298],[121.398222,25.0760942],[121.39824,25.076064],[121.398264,25.0760393],[121.398306,25.0759898],[121.398354,25.0759486],[121.398396,25.0759102],[121.3984259,25.0758745],[121.3984349,25.0758471],[121.3984648,25.0758086],[121.3985098,25.0757592],[121.3985668,25.0757153],[121.3985848,25.0756878],[121.3986388,25.0756438],[121.3986988,25.0755889],[121.3987677,25.0754928],[121.3988276,25.0754078],[121.3988785,25.0753474],[121.3989265,25.075298],[121.3989715,25.0752458],[121.3990075,25.0752019],[121.3990465,25.0751662],[121.3990734,25.0751223],[121.3990943,25.0750866],[121.399101,25.0750382],[121.3991129,25.0749834],[121.3991307,25.0749313],[121.3991397,25.0749176],[121.3991637,25.0748956],[121.3992057,25.0748626],[121.3992688,25.0748131],[121.3993347,25.0747445],[121.3993677,25.0747142],[121.3993976,25.0746567],[121.3994125,25.0745991],[121.3994213,25.0745416],[121.3994084,25.0744801],[121.399393,25.0743788],[121.3993928,25.0742994],[121.3994046,25.0742336],[121.3994135,25.074198],[121.3994852,25.0740307],[121.3995149,25.0739238],[121.3995026,25.0738472],[121.3994904,25.0738089],[121.3994843,25.0737815],[121.3995022,25.0737376],[121.3994991,25.0736938],[121.3994839,25.0736555],[121.3994657,25.0736118],[121.3994325,25.073579],[121.3994054,25.0735654],[121.3993631,25.0735162],[121.3993025,25.0734068],[121.3992359,25.0732837],[121.3992026,25.0732238],[121.3991476,25.073152],[121.3990633,25.0730305],[121.3990037,25.0729107],[121.398982,25.0728471],[121.3989926,25.072803],[121.3990112,25.0727319],[121.3990271,25.0726829],[121.3990647,25.0726534],[121.3991239,25.0726483],[121.3991561,25.0726336],[121.3991668,25.072609],[121.3991665,25.072516],[121.3991306,25.072232],[121.3991194,25.072117],[121.3990895,25.0719214],[121.3990784,25.071799],[121.3990941,25.0716814],[121.3991127,25.0716128],[121.3991635,25.0714927],[121.3992063,25.0714215],[121.3992679,25.0713357],[121.3993322,25.0712571],[121.399383,25.0711541],[121.3993989,25.0710806],[121.3994094,25.0710096],[121.3994064,25.0709288],[121.3993982,25.0708872],[121.3993738,25.0708187],[121.3993469,25.0707778],[121.3993225,25.0707362],[121.3993061,25.0706677],[121.3992979,25.0706335],[121.3993086,25.0705918],[121.3993407,25.0705403],[121.3993674,25.0704839],[121.399386,25.0704226],[121.3993966,25.0703491],[121.3993801,25.0702586],[121.3993501,25.070146],[121.3993066,25.0699943],[121.3992605,25.0698921],[121.3992037,25.0697943],[121.399182,25.0697209],[121.3991817,25.0696475],[121.3991923,25.0695838],[121.3992134,25.069476],[121.3992183,25.0693046],[121.3992043,25.069165],[121.3991905,25.0690598],[121.3991542,25.0689749],[121.399092,25.0688845],[121.3989516,25.0687428],[121.3987601,25.0685719],[121.3986467,25.0684694],[121.3985739,25.0684182],[121.3984714,25.0683401],[121.3984228,25.068279],[121.3983984,25.0682203],[121.3984246,25.0681609],[121.3985001,25.0680812],[121.3985814,25.06802],[121.398689,25.0679932],[121.3987706,25.0680036],[121.3988289,25.0680273],[121.3988697,25.0680537],[121.3989251,25.0680509],[121.3990531,25.0680399],[121.3991114,25.0680477],[121.3991318,25.0680609],[121.3991815,25.0681138],[121.3992254,25.0681719],[121.3993071,25.0682327],[121.3994647,25.0683382],[121.3995289,25.0683831],[121.3995931,25.068428],[121.3997185,25.0685019],[121.3998119,25.0685679],[121.3998616,25.0686287],[121.3999273,25.0687206],[121.3999742,25.0688159],[121.4000386,25.0689058],[121.4001671,25.06903],[121.4002138,25.0690749],[121.40036,25.0692547],[121.4004273,25.0693579],[121.400477,25.0694346],[121.4005074,25.0695263],[121.4005309,25.0695925],[121.4005428,25.0696481],[121.4005662,25.0696905],[121.4005954,25.0697275],[121.4006567,25.0697512],[121.400712,25.0697616],[121.4007761,25.0697773],[121.4008111,25.0697931],[121.4008695,25.0698301],[121.4009191,25.069867],[121.4009687,25.0699093],[121.4010593,25.0699992],[121.4011469,25.0700652],[121.4012023,25.0701127],[121.4012286,25.0701285],[121.401284,25.0701602],[121.4013335,25.0701521],[121.4013713,25.0701255],[121.4014147,25.0700591],[121.4014593,25.0699908],[121.4014941,25.0699404],[121.4015581,25.0699137],[121.4016075,25.0699056],[121.4016425,25.0699108],[121.4016746,25.0699213],[121.4017154,25.0699345],[121.4017416,25.0699344],[121.4017852,25.0699131],[121.4019015,25.0698836],[121.4019336,25.0698915],[121.4019686,25.0699073],[121.4019891,25.0699417],[121.4020096,25.0699946],[121.4020156,25.0700423],[121.4020216,25.0700741],[121.4020188,25.0701324],[121.4019669,25.0702836],[121.4019237,25.0704295],[121.4018748,25.0705966],[121.4018373,25.0707027],[121.4018027,25.0708061],[121.4017763,25.0709109],[121.4017533,25.0709878],[121.4017361,25.0710673],[121.4017221,25.0712396],[121.4017135,25.07129],[121.4016819,25.0713908],[121.4016617,25.071465],[121.4016154,25.0715314],[121.4015632,25.0716031],[121.401511,25.0716748],[121.4014635,25.0717478],[121.4014288,25.0718088],[121.4014232,25.0718777],[121.4014233,25.0719148],[121.4013769,25.0719521],[121.4013828,25.0719759],[121.4014093,25.0720633],[121.4014385,25.0720976],[121.4015097,25.0720966],[121.4015387,25.0720859],[121.4015793,25.0720355],[121.4016169,25.0719373],[121.4016806,25.0718391],[121.4017938,25.0717221],[121.4019505,25.0715812],[121.402151,25.0714455],[121.4022527,25.071379],[121.4024182,25.0712487],[121.4025583,25.0711088],[121.4026337,25.0710212],[121.4028252,25.0707523],[121.402947,25.0706141],[121.4030807,25.0705236],[121.4031769,25.070587],[121.4032065,25.0706224],[121.4032706,25.070662],[121.4033407,25.0706989],[121.403396,25.0707199],[121.4034281,25.070741],[121.4034545,25.0707754],[121.4034779,25.070823],[121.4034925,25.0708362],[121.4035275,25.0708467],[121.4035479,25.070844],[121.4035885,25.0707936],[121.4036174,25.0707378],[121.4036404,25.0706556],[121.4036665,25.0706105],[121.4037187,25.0705653],[121.4038029,25.0705015],[121.4038579,25.0704059],[121.4038955,25.0703078],[121.4039374,25.0701848],[121.4039925,25.0701236],[121.4041293,25.0701074],[121.4043099,25.0701175],[121.4044089,25.0701463],[121.4045197,25.0701699],[121.4046712,25.0702065],[121.4047441,25.0702302],[121.4049189,25.0702588],[121.4050484,25.070272],[121.4052173,25.0702742],[121.4053454,25.0702685],[121.4055724,25.0702546],[121.4057035,25.0702516],[121.4057908,25.070254],[121.4058432,25.0702433],[121.4058868,25.070214],[121.4059187,25.0701821],[121.4059329,25.0700814],[121.4059292,25.0699153],[121.4059376,25.0698092],[121.4059573,25.0696184],[121.4060006,25.0695096],[121.4060526,25.069369],[121.4060929,25.0692496],[121.4061565,25.0690984],[121.406194,25.0689852],[121.4062055,25.0689189],[121.4061994,25.0688447],[121.4061672,25.0687918],[121.4060767,25.0687125],[121.4059599,25.0686307],[121.4057002,25.0684539],[121.4054842,25.0682769],[121.4053948,25.0682179],[121.4053189,25.0681677],[121.4051235,25.0680835],[121.4048438,25.0680233],[121.4045409,25.0679738],[121.404401,25.0679397],[121.4041766,25.0678874],[121.4041154,25.0678743],[121.4040806,25.0678982],[121.4040342,25.0679487],[121.4040051,25.0679753],[121.4039966,25.0680416],[121.4039851,25.0680814],[121.4039648,25.0681106],[121.40393,25.0681345],[121.4038717,25.0681347],[121.40363,25.0681088],[121.4034145,25.0680856],[121.4032473,25.0680575],[121.4032123,25.0680523],[121.4031658,25.0680736],[121.4031135,25.0680897],[121.4030756,25.0680924],[121.4030145,25.068082],[121.4029707,25.0680715],[121.4029299,25.0680558],[121.4028949,25.0680214],[121.4028685,25.0679579],[121.4028537,25.0678996],[121.4028359,25.0678016],[121.4028328,25.0677301],[121.4028121,25.0676586],[121.4027712,25.0676083],[121.4027296,25.0675239],[121.4026799,25.0674658],[121.4026506,25.0674234],[121.4026418,25.067389],[121.4026475,25.0673572],[121.4026677,25.0673094],[121.4026909,25.0672696],[121.4027111,25.0672351],[121.4027198,25.0672086],[121.4027051,25.0671662],[121.4026494,25.0670736],[121.402623,25.0670021],[121.4026228,25.0669518],[121.4026401,25.0668881],[121.4027038,25.0667793],[121.4027501,25.0667103],[121.4028168,25.0666067],[121.402869,25.0665615],[121.4029737,25.0665188],[121.4031646,25.0664582],[121.4033682,25.0663941],[121.4034118,25.0663754],[121.4034612,25.0663329],[121.4034552,25.0662825],[121.4034112,25.0661846],[121.4033438,25.0660443],[121.4033291,25.0660232],[121.403329,25.0659702],[121.4033404,25.0659251],[121.4034218,25.0658692],[121.4034799,25.0658479],[121.4035586,25.0658529],[121.4036606,25.0658765],[121.4037712,25.0658894],[121.4038237,25.0659184],[121.4038646,25.0659422],[121.4039345,25.0659579],[121.4039956,25.0659524],[121.40408,25.0659204],[121.4041787,25.0658379],[121.4043035,25.0657263],[121.4043702,25.065636],[121.4044281,25.0655404],[121.4045365,25.0653794],[121.404583,25.0653448],[121.4046498,25.0653075],[121.40483,25.0652248],[121.4048707,25.0651876],[121.4050536,25.0650387],[121.4051786,25.0649668],[121.4053152,25.0648922],[121.4054343,25.0648336],[121.4054895,25.064799],[121.4055737,25.0647351],[121.4056549,25.0646369],[121.4056723,25.0645918],[121.4056721,25.064552],[121.4056511,25.0644896],[121.405578,25.0643997],[121.40554,25.0643574],[121.4054467,25.0643038],[121.4054437,25.064302],[121.4053152,25.0641858],[121.4052537,25.0640826],[121.4052447,25.0640031],[121.4052329,25.0639475],[121.4052356,25.0638733],[121.4052528,25.0637964],[121.4052845,25.0637036],[121.4053831,25.0635317],[121.405444,25.0634626],[121.4055254,25.0634491],[121.4055866,25.063441],[121.4056098,25.0634118],[121.4056038,25.06338],[121.4055716,25.0633139],[121.4055278,25.0632689],[121.4053877,25.0631686],[121.4053264,25.0631396],[121.4052593,25.0630974],[121.4050816,25.0630661],[121.4050234,25.0630557],[121.4049419,25.0630798],[121.4048343,25.0630986],[121.4047847,25.0630802],[121.4046827,25.0630407],[121.4045953,25.0630171],[121.4044976,25.0629923],[121.4043869,25.0629661],[121.40418,25.0629057],[121.404075,25.0628504],[121.4039204,25.0627607],[121.4038415,25.0626761],[121.4037627,25.0625995],[121.4037276,25.0625598],[121.4037014,25.062552],[121.4036635,25.0625521],[121.4036169,25.0625575],[121.4035996,25.0626079],[121.4036144,25.0626741],[121.4036612,25.0627402],[121.4037138,25.0627825],[121.4037723,25.0628645],[121.4037899,25.0629227],[121.403793,25.0629863],[121.4037792,25.0630435],[121.4037014,25.0632981],[121.4036237,25.0635607],[121.4035711,25.0637267],[121.4035743,25.0637956],[121.4035948,25.063838],[121.4036883,25.0639437],[121.4037381,25.064039],[121.4037676,25.064129],[121.4037648,25.0641793],[121.4037243,25.0642563],[121.4036285,25.0643281],[121.4035703,25.0643495],[121.4035295,25.064347],[121.4034945,25.0643312],[121.4034391,25.064281],[121.4033893,25.0642149],[121.4033192,25.0641276],[121.4032374,25.0640483],[121.4031644,25.0639902],[121.4031003,25.0639718],[121.4030362,25.063972],[121.402981,25.0639828],[121.4029305,25.0639816],[121.4028926,25.0639684],[121.402837,25.063905],[121.4028282,25.0638679],[121.402831,25.0638361],[121.4028541,25.0637936],[121.4028889,25.0637511],[121.4029004,25.0636981],[121.4028942,25.0635868],[121.4028679,25.0635577],[121.4028096,25.063542],[121.4026175,25.0635478],[121.4023671,25.0635459],[121.4022244,25.0635304],[121.4021341,25.0635041],[121.4020408,25.0634938],[121.4019972,25.0635019],[121.4019135,25.0635043],[121.4018291,25.0635151],[121.4017504,25.0635101],[121.4016747,25.0634891],[121.4015755,25.0634416],[121.4014064,25.06336],[121.4013072,25.0633125],[121.4011236,25.0632494],[121.4010566,25.0632284],[121.4009983,25.063218],[121.4007944,25.0631841],[121.4006923,25.0631367],[121.4005641,25.063084],[121.4004854,25.063071],[121.4004155,25.0630685],[121.4002554,25.063061],[121.4002321,25.0630717],[121.4002118,25.0631062],[121.4002091,25.0631672],[121.4001864,25.0633262],[121.400172,25.0634443],[121.4001726,25.0636192],[121.4002079,25.0637357],[121.4002344,25.0638125],[121.4002812,25.0638892],[121.400331,25.0639924],[121.4003574,25.0640559],[121.4003956,25.0641433],[121.400457,25.06422],[121.4005304,25.0643007],[121.4005743,25.064351],[121.4006123,25.0644092],[121.4006446,25.0644965],[121.4006594,25.0645574],[121.4006537,25.0645972],[121.4006043,25.0646212],[121.4005286,25.0646453],[121.4004355,25.0646402],[121.4003365,25.0646484],[121.4002579,25.0646672],[121.4002114,25.0646832],[121.4001737,25.0647098],[121.4001505,25.0647497],[121.4001244,25.0647921],[121.4001159,25.0648611],[121.4000958,25.0650482],[121.4000816,25.0651569],[121.4000617,25.0652974],[121.4000503,25.0653876],[121.4000184,25.0654247],[121.3999487,25.0654673],[121.399839,25.0654919],[121.3997051,25.0655003],[121.3996526,25.0654872],[121.3995622,25.0654344],[121.3995068,25.0654107],[121.3994486,25.0654215],[121.399373,25.0654588],[121.399187,25.065552],[121.3990881,25.0655709],[121.3990328,25.065571],[121.3989512,25.0655659],[121.3988639,25.0655688],[121.3987534,25.0656062],[121.3986573,25.0656198],[121.3985322,25.065636],[121.3984333,25.0656548],[121.3983548,25.0656868],[121.3981832,25.0657403],[121.3981172,25.0657436],[121.3980298,25.0657227],[121.3979278,25.0656991],[121.3977326,25.0656413],[121.3976569,25.0656309],[121.3974065,25.0656555],[121.3973367,25.0656663],[121.3972786,25.0656982],[121.3970954,25.0657835],[121.3969763,25.0658448],[121.3967961,25.0659645],[121.396706,25.0660125],[121.3965201,25.066127],[121.3964125,25.066167],[121.3962392,25.0662349],[121.396117,25.0662564],[121.3959279,25.066294],[121.3958347,25.0663075],[121.3957766,25.0663448],[121.3956226,25.0664274],[121.3955354,25.06647],[121.3953029,25.0665899],[121.3951894,25.0666247],[121.3949992,25.0666812],[121.3949352,25.0666814],[121.3948246,25.0667056],[121.3947317,25.066788],[121.3947144,25.0668225],[121.3947058,25.0668675],[121.3947176,25.0669152],[121.3947293,25.066939],[121.3947586,25.066992],[121.394817,25.0670369],[121.3948811,25.0670658],[121.3949424,25.0670895],[121.3950561,25.0671449],[121.3951873,25.0671975],[121.3953009,25.0672104],[121.3953935,25.0672106],[121.395507,25.0672077],[121.3955798,25.0671942],[121.3956088,25.0671809],[121.3957107,25.0671541],[121.395798,25.0671459],[121.395865,25.067151],[121.3959203,25.0671641],[121.3959845,25.0671905],[121.396034,25.0672089],[121.3961099,25.0672564],[121.3961799,25.0673065],[121.3962705,25.0673911],[121.3963668,25.0674809],[121.396423,25.0675355],[121.3964902,25.0676069],[121.396537,25.0676518],[121.396578,25.0677259],[121.3965927,25.0677868],[121.3966398,25.0679218],[121.3966486,25.0679589],[121.3966519,25.0680887],[121.3966492,25.0681365],[121.3966,25.0682293],[121.3965478,25.0682931],[121.3964549,25.0683622],[121.3963373,25.0684333],[121.396253,25.0684574],[121.396218,25.0684416],[121.3961306,25.0684127],[121.3960228,25.0683918],[121.3959558,25.0683946],[121.395918,25.0684053],[121.3958395,25.0684427],[121.3957785,25.0684852],[121.3957001,25.0685517],[121.3956536,25.0685757],[121.3955954,25.0685864],[121.3955518,25.0686025],[121.3955111,25.0686344],[121.3954937,25.0686556],[121.3954938,25.0686901],[121.3955231,25.0687271],[121.3955493,25.0687456],[121.3955902,25.0687667],[121.395701,25.0688273],[121.3957564,25.0688696],[121.3958179,25.0689568],[121.3958443,25.0690151],[121.3958561,25.0690733],[121.3958622,25.0691449],[121.3958711,25.0692085],[121.3958974,25.0692428],[121.3959353,25.0692586],[121.3959907,25.0692691],[121.3960402,25.0692795],[121.3961023,25.0693203],[121.3961403,25.0693626],[121.3962193,25.069471],[121.3962661,25.0695213],[121.3963069,25.0695583],[121.3963828,25.0696058],[121.3964412,25.069648],[121.3964704,25.0696771],[121.3965143,25.0697459],[121.3965758,25.0698596],[121.3966403,25.0700079],[121.3966609,25.0700555],[121.3967342,25.0702064],[121.3967903,25.0703331],[121.3968781,25.0704681],[121.3969338,25.0705845],[121.3969633,25.0706825],[121.3969724,25.0708123],[121.3969699,25.0709395],[121.3969735,25.0711303],[121.3969796,25.0712178],[121.3970061,25.0712972],[121.397018,25.0714032],[121.3970242,25.0715002],[121.3970334,25.0716486],[121.3970397,25.0717784],[121.3970341,25.0718526],[121.3970402,25.0719268],[121.3970552,25.0720646],[121.3970704,25.0722659],[121.3970842,25.0724054],[121.3970787,25.0725088],[121.3970528,25.0725883],[121.3969832,25.0726813],[121.3968845,25.0727743],[121.3967217,25.0728543],[121.3965268,25.0729051],[121.3964162,25.072924],[121.3963726,25.072948],[121.3963204,25.0730064],[121.3963118,25.0730435],[121.3962888,25.0731417],[121.3962569,25.0731789],[121.3961987,25.0731976],[121.3961521,25.0731871],[121.3960734,25.0731423],[121.39598,25.0730816],[121.3959011,25.0730076],[121.3957493,25.0728887],[121.3956704,25.0728068],[121.3954202,25.0725967],[121.3952317,25.0724162],[121.3952124,25.0724327],[121.3948908,25.0727077],[121.3947238,25.0729025],[121.3946048,25.0730572],[121.3945691,25.0731107],[121.3945275,25.0732178],[121.3944918,25.0733011],[121.3944502,25.0734201],[121.3943847,25.0735093],[121.3943133,25.0735807],[121.3942717,25.0735985],[121.3942479,25.0736104],[121.3942182,25.0736104],[121.3941884,25.0735926],[121.3941349,25.073539],[121.3940754,25.0734795],[121.3940159,25.0734498],[121.3939445,25.0734379],[121.393885,25.0734498],[121.393778,25.0734736],[121.3936114,25.073539],[121.3935162,25.0735747],[121.3934508,25.0735985],[121.3933318,25.0736164],[121.3932545,25.0736402],[121.3932366,25.073658],[121.3932188,25.0736996],[121.3932069,25.0737532],[121.3932009,25.0738365],[121.3932307,25.0740744],[121.3932188,25.074116],[121.3932009,25.0741398],[121.3931771,25.0741458],[121.3931355,25.0741458],[121.3930106,25.0741041],[121.3929095,25.0740804],[121.3928619,25.0740863],[121.3928321,25.0740923],[121.3927964,25.0741279],[121.3927429,25.074235],[121.3927072,25.0743421],[121.3926775,25.0744135],[121.3926477,25.0744432],[121.3925525,25.0744789],[121.3924811,25.0745146],[121.3924276,25.0745562],[121.3923443,25.0746514],[121.3923027,25.0747466],[121.3922789,25.0748061],[121.3922789,25.0748477],[121.3922848,25.0748894],[121.3923027,25.074931],[121.3923205,25.0749726],[121.3923265,25.0750083],[121.3923205,25.075044],[121.3922967,25.0750678],[121.3922759,25.0750767],[121.392176,25.0751005],[121.3920808,25.0751338],[121.3919904,25.0751814],[121.3918904,25.0752623],[121.3917477,25.0753908],[121.3917144,25.0754337],[121.3916763,25.0754432],[121.3916049,25.0754479],[121.3912337,25.0754051],[121.3911528,25.0754099],[121.3911005,25.0754241],[121.3910671,25.0754479],[121.3910434,25.0754955],[121.3910148,25.0755764],[121.390991,25.0756573],[121.3909482,25.0757144],[121.3908768,25.0757668],[121.3907721,25.0758049],[121.3906722,25.0758144],[121.3905294,25.0758334],[121.3903177,25.0758709],[121.3902802,25.0758896],[121.3902612,25.0759039],[121.3902374,25.0759562],[121.3902279,25.0760086],[121.3902374,25.0761038],[121.3902565,25.0762656],[121.3903088,25.0765511]]]}},{"type":"Feature","properties":{"li":"麗林里"},"geometry":{"type":"Polygon","coordinates":[[[121.3688885,25.0717195],[121.3691979,25.0714518],[121.3693763,25.0712376],[121.3696143,25.0710473],[121.3704471,25.0702502],[121.3712356,25.0695882],[121.3706417,25.0691259],[121.3702253,25.0687927],[121.36991,25.068531],[121.3696007,25.0682514],[121.3693802,25.0680424],[121.3692497,25.0679004],[121.3691248,25.0677339],[121.3689523,25.0674424],[121.3688273,25.0671925],[121.3687262,25.0669427],[121.3686667,25.0667048],[121.3686132,25.066449],[121.3685794,25.0662394],[121.3685651,25.0659967],[121.36858,25.0652623],[121.368568,25.0652611],[121.3685578,25.06526],[121.3684696,25.0652515],[121.3683406,25.0652451],[121.3681785,25.065237],[121.3680602,25.0652111],[121.3679493,25.065215],[121.3677944,25.0651922],[121.3675211,25.0651595],[121.3674178,25.0651497],[121.3673271,25.0651411],[121.367196,25.0651345],[121.3669302,25.0651237],[121.3667197,25.0651098],[121.3665975,25.065101],[121.3664729,25.065083],[121.366178,25.0650708],[121.3660533,25.0650597],[121.3659638,25.0650546],[121.3656678,25.0650321],[121.36518,25.0650199],[121.3650666,25.0650157],[121.3648487,25.0649937],[121.3647479,25.0649885],[121.3644946,25.0649754],[121.3643913,25.0649748],[121.3642603,25.0649637],[121.3641632,25.0649596],[121.3639187,25.0649558],[121.3639173,25.0649557],[121.3638179,25.0649517],[121.3637778,25.0649515],[121.3639937,25.0657239],[121.3641127,25.0661105],[121.3643804,25.0668839],[121.3645164,25.0672341],[121.3646176,25.0674542],[121.3648139,25.0678111],[121.3650042,25.0681145],[121.3652808,25.0685101],[121.3655093,25.0688052],[121.3657805,25.0691288],[121.3660185,25.0693858],[121.3665301,25.0698593],[121.3668692,25.0701686],[121.3673094,25.070591],[121.3676247,25.0708705],[121.3679816,25.071168],[121.3684902,25.0715457],[121.3687805,25.0718313],[121.3688516,25.0718327],[121.3688885,25.0717195]]]}},{"type":"Feature","properties":{"li":"菁湖里"},"geometry":{"type":"Polygon","coordinates":[[[121.388953,25.088123],[121.3889054,25.0878137],[121.3899792,25.087248],[121.3900156,25.0872288],[121.3900298,25.0871036],[121.3900465,25.0870518],[121.39008,25.0869962],[121.3901114,25.0869597],[121.3901702,25.0869136],[121.3902222,25.086874],[121.3903671,25.0867951],[121.3904576,25.0867699],[121.3905523,25.0867677],[121.3906259,25.0867637],[121.3906848,25.0867636],[121.3907585,25.086771],[121.3908386,25.086788],[121.3909584,25.0867609],[121.3910173,25.0867397],[121.3910972,25.0867146],[121.3911834,25.0866856],[121.3912674,25.086649],[121.3913284,25.0866239],[121.3913746,25.086597],[121.3914628,25.0865258],[121.3915678,25.0864815],[121.3916456,25.0864621],[121.3916982,25.0864486],[121.3917777,25.0864409],[121.3919123,25.0864195],[121.3921416,25.0863959],[121.3922509,25.0863706],[121.3923835,25.0863684],[121.3924151,25.086374],[121.3924467,25.0863912],[121.3925142,25.0864102],[121.3925626,25.0864234],[121.3926194,25.0864233],[121.3926615,25.0864193],[121.3926888,25.0864078],[121.3927161,25.0863828],[121.3927328,25.0863374],[121.3927537,25.0862837],[121.3927661,25.0862186],[121.3927637,25.0861458],[121.3927298,25.0860578],[121.3927043,25.0859985],[121.3926302,25.0858646],[121.3925858,25.0858015],[121.3926151,25.0857651],[121.39267,25.0857507],[121.3927016,25.0857448],[121.3927773,25.085735],[121.3928404,25.0857176],[121.3928846,25.0857041],[121.3929265,25.0856676],[121.3929537,25.0856139],[121.392983,25.0855506],[121.3929849,25.0855104],[121.3929889,25.0854491],[121.3929948,25.0853246],[121.3929946,25.085246],[121.3929818,25.0851962],[121.3928889,25.0851237],[121.3928383,25.0851207],[121.3927668,25.0851094],[121.3927351,25.0850922],[121.3927203,25.0850731],[121.3927286,25.0850405],[121.3927516,25.0849792],[121.3927619,25.0849274],[121.3927614,25.0847704],[121.3927842,25.0846592],[121.3928092,25.0845787],[121.3928266,25.0845012],[121.3928833,25.084457],[121.392938,25.0844473],[121.3930685,25.0844355],[121.3931926,25.0844274],[121.3933525,25.0844098],[121.3934072,25.0843981],[121.3934576,25.0843635],[121.3934869,25.0843175],[121.3935056,25.08426],[121.3935662,25.0841238],[121.3935955,25.0840624],[121.3936033,25.0839788],[121.3935778,25.083931],[121.3935377,25.083889],[121.393485,25.0838699],[121.3933732,25.0837726],[121.3933119,25.0837],[121.3932717,25.0836292],[121.393244,25.0835201],[121.3932433,25.0833926],[121.3932402,25.0830957],[121.3931725,25.0829657],[121.3930288,25.0828192],[121.3929802,25.0827657],[121.3929421,25.0826931],[121.3929039,25.0826051],[121.3928932,25.0825323],[121.3928485,25.0823926],[121.3928041,25.0823161],[121.3927576,25.0822722],[121.3926897,25.082189],[121.3926495,25.0821221],[121.3926367,25.0820761],[121.3926408,25.0820378],[121.3926783,25.0819305],[121.3926992,25.0818691],[121.3927012,25.0818308],[121.3926926,25.0817849],[121.3926898,25.0817516],[121.3926032,25.0816599],[121.3924871,25.0815338],[121.3924532,25.0814841],[121.392432,25.0814228],[121.3924149,25.0813463],[121.3924147,25.0812792],[121.3924375,25.0811687],[121.3924521,25.0811323],[121.3924835,25.0811016],[121.3925129,25.081067],[121.3925192,25.0810517],[121.3925188,25.0809386],[121.3925163,25.0808065],[121.3925031,25.080638],[121.3925029,25.0805786],[121.3925154,25.0805345],[121.3925366,25.0804874],[121.3925553,25.0804373],[121.3925271,25.0804293],[121.3920563,25.0802956],[121.3916161,25.0801231],[121.3914436,25.0800458],[121.3911521,25.0798614],[121.390462,25.0794212],[121.3901586,25.0792189],[121.390604,25.0787672],[121.3906624,25.0787094],[121.3899924,25.0787807],[121.388199,25.0789789],[121.3859838,25.0792984],[121.3854777,25.0794707],[121.385593,25.0796995],[121.3858785,25.0803895],[121.3863009,25.0814008],[121.386443,25.0817523],[121.3864954,25.0818285],[121.3865477,25.0818856],[121.3867524,25.0820331],[121.3875566,25.0826232],[121.3870641,25.0833823],[121.3868142,25.083757],[121.3864514,25.0842448],[121.3858803,25.0850122],[121.3857851,25.085155],[121.3857241,25.0852489],[121.3857139,25.085335],[121.3873572,25.0884165],[121.3881535,25.0884752],[121.388953,25.088123]]]}},{"type":"Feature","properties":{"li":"湖南里"},"geometry":{"type":"Polygon","coordinates":[[[121.3756721,25.0819392],[121.375612,25.081974],[121.373627,25.083238],[121.375657,25.085796],[121.376279,25.086734],[121.377266,25.088211],[121.3777514,25.0889996],[121.3783864,25.088821],[121.3789515,25.0886723],[121.3791776,25.0886128],[121.3794334,25.0885236],[121.3795881,25.0884403],[121.3798201,25.0882797],[121.3800005,25.0881164],[121.3799845,25.0880233],[121.3798107,25.0878088],[121.3810626,25.086771],[121.3814195,25.0864512],[121.3810923,25.0859307],[121.3809882,25.0857523],[121.3809213,25.0856259],[121.3808693,25.0854846],[121.3805347,25.0844659],[121.3802512,25.0835224],[121.3801582,25.0832585],[121.3800467,25.0830354],[121.3796972,25.082448],[121.3796976,25.0824478],[121.378094,25.080535],[121.3756721,25.0819392]]]}},{"type":"Feature","properties":{"li":"瑞平里"},"geometry":{"type":"Polygon","coordinates":[[[121.3450337,25.1284227],[121.3467595,25.1297771],[121.3468905,25.1298798],[121.347937,25.128345],[121.347021,25.127923],[121.347462,25.127181],[121.3450426,25.1264209],[121.3454114,25.125826],[121.3456553,25.1254453],[121.3458992,25.1251479],[121.3460182,25.1249635],[121.3460777,25.1248445],[121.3460896,25.1247731],[121.3461015,25.1246482],[121.3461193,25.1245649],[121.3461431,25.1245173],[121.3462859,25.1243032],[121.3463811,25.1241009],[121.3464443,25.1238667],[121.3464666,25.1236139],[121.3464368,25.1233982],[121.3463773,25.1231306],[121.3462881,25.1228182],[121.3462509,25.1226398],[121.3462435,25.1225208],[121.3462509,25.1224018],[121.3462658,25.1223126],[121.3463327,25.1222234],[121.3464294,25.1221639],[121.3467268,25.1220449],[121.3475522,25.1218516],[121.3483523,25.121688],[121.3486854,25.1215809],[121.3488223,25.1215512],[121.3488996,25.1215512],[121.3489888,25.1215512],[121.3491375,25.1216047],[121.3493398,25.1217118],[121.3497027,25.12192],[121.3498692,25.1219974],[121.3499406,25.1220152],[121.3500001,25.1220152],[121.3501429,25.1219914],[121.3508627,25.1217475],[121.3511137,25.1216583],[121.3514087,25.1215869],[121.3515943,25.1215631],[121.3517942,25.1215393],[121.3521559,25.1215298],[121.3522701,25.1215298],[121.3523415,25.1215488],[121.3524224,25.1215869],[121.352727,25.1217535],[121.3529268,25.1218487],[121.3530601,25.1218962],[121.3531553,25.1219248],[121.353279,25.1219343],[121.3533456,25.1219296],[121.3534027,25.1218962],[121.3535693,25.1217725],[121.3537977,25.1216107],[121.35395,25.1215155],[121.3541071,25.1214394],[121.3543069,25.121387],[121.3544021,25.1213395],[121.3545163,25.1212586],[121.3546115,25.121211],[121.3547305,25.1211634],[121.3549732,25.1211348],[121.3551445,25.1211443],[121.3553319,25.1212306],[121.3557542,25.1213972],[121.3559387,25.1214567],[121.3560814,25.1214864],[121.3561766,25.1214923],[121.3562539,25.1214923],[121.356367,25.1214567],[121.3564383,25.1214091],[121.3565454,25.1213139],[121.3568012,25.1209927],[121.3570035,25.1207428],[121.3570927,25.1206476],[121.3572176,25.1205584],[121.3573306,25.1204751],[121.3577054,25.1202669],[121.3579672,25.1200944],[121.3582884,25.1198862],[121.3589197,25.1194066],[121.3592796,25.1190824],[121.359577,25.1188207],[121.3597674,25.1186779],[121.3600232,25.1184935],[121.3602195,25.1183864],[121.3604336,25.1182972],[121.3606061,25.1182377],[121.3608024,25.1181901],[121.3611296,25.1181544],[121.3614984,25.1181366],[121.3618442,25.1181537],[121.3621268,25.1182281],[121.3624093,25.1183024],[121.3626993,25.1183619],[121.3628704,25.1183693],[121.3629893,25.1182801],[121.3630488,25.1182429],[121.3631827,25.1181834],[121.363376,25.1181165],[121.3635619,25.1180422],[121.3636586,25.1179901],[121.3637627,25.1179009],[121.3638593,25.1178265],[121.3639932,25.1176852],[121.3640675,25.1176183],[121.3641642,25.1175514],[121.3642609,25.1174919],[121.3643427,25.1174547],[121.3645657,25.1173655],[121.3647516,25.1173209],[121.364997,25.117254],[121.3651829,25.1172168],[121.3653093,25.1171945],[121.3656811,25.1171871],[121.3662983,25.1171796],[121.3668128,25.1171945],[121.3672411,25.1172361],[121.3675267,25.117254],[121.3678122,25.1172837],[121.3681989,25.117373],[121.3684606,25.1174205],[121.3685736,25.1174146],[121.3687045,25.1173789],[121.3689306,25.1172361],[121.3691566,25.1170934],[121.3693648,25.1169268],[121.3695492,25.1167721],[121.3696265,25.1166948],[121.3697515,25.1165282],[121.3699537,25.1162011],[121.3701084,25.115975],[121.3701976,25.1158561],[121.3702988,25.1157609],[121.3703939,25.1156776],[121.3705664,25.1155705],[121.3707746,25.1153861],[121.3708676,25.1153006],[121.3709271,25.1152114],[121.3710312,25.1149809],[121.3710981,25.1149065],[121.3711799,25.1148619],[121.3712394,25.114847],[121.3713584,25.1148247],[121.3715889,25.114795],[121.3717227,25.1147503],[121.3718417,25.1147057],[121.3720127,25.1145868],[121.3721466,25.1144901],[121.3722358,25.1143786],[121.3722581,25.1143116],[121.3723027,25.1142224],[121.3723622,25.114148],[121.372444,25.1140216],[121.3724663,25.1139027],[121.3725035,25.1138209],[121.3725778,25.113687],[121.3727489,25.1134491],[121.3729943,25.113226],[121.3731578,25.113107],[121.3735148,25.1129286],[121.3739758,25.1126981],[121.3742807,25.1125345],[121.3745084,25.1123997],[121.3747222,25.1122045],[121.3751497,25.1117175],[121.3753505,25.1114423],[121.3754546,25.1112788],[121.3756033,25.1110111],[121.3756925,25.1108995],[121.3758264,25.1107582],[121.3760048,25.1106095],[121.3761238,25.1105426],[121.3763023,25.1104385],[121.3764733,25.1103567],[121.376622,25.11026],[121.377083,25.1099403],[121.3775366,25.1096206],[121.37802,25.1093157],[121.3784522,25.1090694],[121.3788611,25.1088835],[121.3792608,25.1087348],[121.3796512,25.1085953],[121.3800881,25.108428],[121.3804606,25.1083202],[121.3806747,25.1082786],[121.3810138,25.108231],[121.3813112,25.108225],[121.3819121,25.1082607],[121.3822333,25.1082786],[121.3823166,25.1082786],[121.3824474,25.1082548],[121.3825517,25.1082238],[121.3823236,25.1081961],[121.382163,25.1081545],[121.3820678,25.1081426],[121.3819132,25.1081188],[121.3817942,25.1080831],[121.3817466,25.1080534],[121.3815979,25.1079879],[121.3814611,25.1079165],[121.3813599,25.1078749],[121.3813005,25.107869],[121.3812231,25.107869],[121.3811815,25.1078809],[121.3810923,25.1078987],[121.3809673,25.1079403],[121.3808722,25.1079403],[121.3805926,25.1079165],[121.3802892,25.1079106],[121.3801762,25.1079165],[121.379962,25.1079522],[121.3798847,25.1079522],[121.3798062,25.1079391],[121.3797122,25.1079165],[121.3796527,25.1078809],[121.379598,25.1078439],[121.3794921,25.1077143],[121.3793255,25.1073633],[121.3792958,25.107286],[121.3792839,25.1072325],[121.379272,25.1071551],[121.3792839,25.1071194],[121.3793124,25.1070825],[121.3793791,25.1070361],[121.3795873,25.1068934],[121.3797122,25.1067744],[121.3797657,25.1067149],[121.3797776,25.1066554],[121.3797717,25.1065602],[121.3797062,25.1063401],[121.3796705,25.1062152],[121.3796586,25.1060903],[121.3796527,25.1059237],[121.3796289,25.1058286],[121.3796051,25.105775],[121.3795754,25.1057215],[121.3795456,25.1056858],[121.3795159,25.1056561],[121.3794802,25.1056442],[121.3794326,25.1056382],[121.3793779,25.1056608],[121.3793315,25.1056977],[121.3792958,25.1057453],[121.3792601,25.1058107],[121.3792482,25.1058643],[121.3792125,25.1060487],[121.379153,25.1062093],[121.3791054,25.1062866],[121.3789864,25.1064234],[121.3788972,25.1065127],[121.3788437,25.10659],[121.3787901,25.1067149],[121.3786117,25.1070421],[121.3784986,25.1071968],[121.3783678,25.1073514],[121.3782072,25.107518],[121.3780346,25.10775],[121.377761,25.1080653],[121.3775231,25.1083092],[121.3772792,25.1084936],[121.3769567,25.1087065],[121.3767319,25.1088267],[121.376482,25.1089516],[121.3761608,25.1090765],[121.3759229,25.1091658],[121.3756314,25.109255],[121.3752923,25.1093502],[121.3749592,25.1094335],[121.3745606,25.1094989],[121.3743774,25.1095251],[121.3741299,25.1095298],[121.3739348,25.1095298],[121.3737587,25.1095441],[121.3734542,25.1095965],[121.3730544,25.1096488],[121.3727499,25.1096678],[121.3726452,25.109644],[121.3726118,25.1096345],[121.3725833,25.1096012],[121.3725643,25.1095536],[121.3725595,25.1095203],[121.3725595,25.1094918],[121.3725643,25.1094727],[121.3725785,25.1094109],[121.3726547,25.10933],[121.3728022,25.1092395],[121.3731068,25.1090635],[121.373497,25.108835],[121.3737587,25.1086875],[121.3741252,25.1085019],[121.3743727,25.1083829],[121.3746344,25.1082449],[121.3749532,25.1080498],[121.3751103,25.1079689],[121.3752864,25.1078452],[121.375353,25.1077785],[121.3753958,25.1076929],[121.3754196,25.107612],[121.3754196,25.1075644],[121.3754006,25.1075263],[121.375372,25.1074978],[121.3753244,25.107474],[121.3752626,25.1074692],[121.3751912,25.1074787],[121.3748152,25.1075454],[121.374663,25.1075692],[121.3745487,25.1075692],[121.3744821,25.1075549],[121.3744393,25.1075311],[121.3744107,25.107512],[121.3743965,25.1074645],[121.3744012,25.1074311],[121.3744298,25.1073598],[121.374504,25.1072436],[121.3746411,25.1070761],[121.3747439,25.1069809],[121.3748657,25.1069048],[121.3750256,25.1068325],[121.3752502,25.1067563],[121.3754215,25.106703],[121.3755852,25.1066421],[121.3756576,25.1066002],[121.3757375,25.1065165],[121.3758441,25.1063718],[121.3759393,25.1062119],[121.375985,25.1060748],[121.3760345,25.1059416],[121.3760802,25.1058959],[121.3762591,25.1057512],[121.3766612,25.1054966],[121.3768849,25.1053491],[121.3770705,25.1052159],[121.3771942,25.1051159],[121.3774322,25.1048922],[121.3776559,25.1047019],[121.3778082,25.1045782],[121.3779319,25.1044925],[121.3780461,25.1044164],[121.3782031,25.1043354],[121.378284,25.1042593],[121.3783745,25.1041736],[121.3785458,25.1039928],[121.3786886,25.103812],[121.3787647,25.1036977],[121.3788884,25.1035017],[121.3789455,25.1033799],[121.3789722,25.1032733],[121.3789722,25.1031857],[121.3789608,25.1030829],[121.3789379,25.1030029],[121.3789075,25.1029458],[121.3788694,25.1028963],[121.3788275,25.1028659],[121.3787895,25.102843],[121.3787552,25.1028278],[121.3787011,25.1028227],[121.3786334,25.1028164],[121.3785496,25.1028164],[121.3784773,25.1028316],[121.378443,25.1028507],[121.3784087,25.1029078],[121.3783098,25.1030601],[121.3782641,25.103159],[121.3782298,25.103239],[121.3781651,25.1033837],[121.3781308,25.1034217],[121.3780966,25.1034598],[121.3780394,25.1034941],[121.3776968,25.1036159],[121.3770044,25.1038848],[121.3761954,25.1041608],[121.3758593,25.1043184],[121.3755856,25.1044672],[121.3754785,25.1045504],[121.3751871,25.1048062],[121.3749194,25.1049787],[121.3746933,25.1051275],[121.3745565,25.1052048],[121.374497,25.1052643],[121.3743959,25.1053773],[121.3742055,25.1055439],[121.3739747,25.1056557],[121.3735416,25.1058413],[121.3730467,25.1060555],[121.3725994,25.1062458],[121.3722853,25.1063838],[121.3720997,25.1064838],[121.3719712,25.1065885],[121.3717999,25.1067503],[121.3717666,25.1067741],[121.3717142,25.1067836],[121.3716714,25.1067836],[121.3716,25.1067836],[121.3715572,25.1067598],[121.3715191,25.106736],[121.3714662,25.1066661],[121.3714287,25.106598],[121.3714096,25.1065313],[121.3714001,25.1064409],[121.3714001,25.1063743],[121.3714144,25.1063029],[121.3714572,25.1062173],[121.3715572,25.1060507],[121.3717285,25.1058318],[121.3719664,25.1055938],[121.3725232,25.1050656],[121.3726375,25.1049657],[121.3727088,25.1048657],[121.3727517,25.1048229],[121.3727897,25.1048086],[121.3728468,25.1047943],[121.3730658,25.1047801],[121.3731133,25.1047658],[121.3731752,25.104742],[121.373199,25.1047134],[121.3732038,25.1046896],[121.373199,25.1046658],[121.3731895,25.1046516],[121.3731752,25.1046325],[121.3730943,25.1046087],[121.3728992,25.1045992],[121.3727659,25.1045945],[121.3726946,25.1045754],[121.3726089,25.1045612],[121.3724804,25.1045469],[121.3723805,25.1045469],[121.3723281,25.1045612],[121.3722663,25.1045754],[121.372152,25.1046516],[121.3720045,25.104742],[121.3719093,25.1048277],[121.3717951,25.1049038],[121.3717095,25.1049276],[121.3716095,25.1049419],[121.371462,25.1049514],[121.3713192,25.1049847],[121.3711574,25.1050513],[121.3710289,25.1051132],[121.370948,25.1051608],[121.370791,25.1052893],[121.3707291,25.1053511],[121.3706958,25.1054035],[121.3706815,25.1054368],[121.3705768,25.1055367],[121.3704436,25.1056509],[121.3702865,25.1057842],[121.3700635,25.1059359],[121.3698196,25.1061381],[121.3695638,25.1063761],[121.3693794,25.1065902],[121.3692842,25.1067449],[121.3692306,25.1068996],[121.3690879,25.10731],[121.3689867,25.1076253],[121.3688916,25.1078573],[121.3687964,25.1079882],[121.3685644,25.1082142],[121.3683859,25.1083808],[121.3681658,25.1085473],[121.367939,25.1086849],[121.3678137,25.1087124],[121.3676862,25.1087072],[121.3675226,25.1086626],[121.3673144,25.1085882],[121.3670839,25.1084544],[121.3669798,25.1083949],[121.3669129,25.1083354],[121.366898,25.1082982],[121.3668757,25.108209],[121.3668559,25.1081473],[121.3668237,25.1080826],[121.3667939,25.1080454],[121.3667344,25.1080231],[121.3666824,25.1080231],[121.3666155,25.1080306],[121.3665411,25.1080529],[121.366437,25.1081049],[121.365857,25.1084023],[121.3657138,25.1084626],[121.3656191,25.1084841],[121.3655532,25.1084923],[121.3655001,25.1084841],[121.365448,25.1084618],[121.3654109,25.1084172],[121.365396,25.10838],[121.365396,25.1083131],[121.3654034,25.1082685],[121.3654332,25.1081718],[121.3654555,25.1081198],[121.365515,25.1080603],[121.3656414,25.1079413],[121.3659165,25.1077629],[121.3661842,25.1075918],[121.3664891,25.1074283],[121.367017,25.1071085],[121.367426,25.1068706],[121.3677383,25.1066624],[121.3679911,25.1064839],[121.368229,25.1062757],[121.3684298,25.1060452],[121.3686455,25.1057998],[121.3688611,25.105547],[121.3689578,25.1054057],[121.3690247,25.1052793],[121.3690529,25.1051365],[121.3690589,25.1049164],[121.3690054,25.104625],[121.3689637,25.1044524],[121.3689399,25.1042383],[121.3689221,25.1040896],[121.3689221,25.1040122],[121.368934,25.1038933],[121.3689637,25.1037981],[121.3690232,25.103697],[121.3691243,25.1036196],[121.3692255,25.1035661],[121.3694337,25.1035244],[121.3696657,25.1034888],[121.3698203,25.1034769],[121.3699036,25.1034531],[121.3700285,25.1033936],[121.3701356,25.10334],[121.3702784,25.1032984],[121.3703973,25.1032806],[121.3704806,25.1032627],[121.3705401,25.1032389],[121.3706234,25.1031735],[121.3707483,25.1030723],[121.3708019,25.102995],[121.3708138,25.1029653],[121.3708078,25.1029355],[121.37079,25.1029236],[121.3707602,25.1029177],[121.3707305,25.1029177],[121.3705163,25.1029474],[121.3701951,25.1030248],[121.3699274,25.1030426],[121.3697489,25.1030426],[121.3695407,25.1030188],[121.3693682,25.1029534],[121.3692136,25.1028701],[121.3690351,25.1027868],[121.3688983,25.1027333],[121.3687615,25.1027154],[121.3686663,25.1027154],[121.3685711,25.1027273],[121.3684462,25.1027749],[121.3683134,25.1028768],[121.3682082,25.1030069],[121.368125,25.1031437],[121.3680536,25.1033281],[121.368,25.1035601],[121.3679703,25.1039468],[121.3679465,25.1040479],[121.3679049,25.1041253],[121.3678573,25.1041669],[121.3677859,25.1042145],[121.3676431,25.1042918],[121.3676015,25.1043156],[121.3675598,25.1043811],[121.3674587,25.1044643],[121.3673754,25.104506],[121.3672743,25.1045357],[121.3671196,25.1045476],[121.3668103,25.1045595],[121.3667151,25.1045714],[121.3665486,25.1046071],[121.3662194,25.1046554],[121.3660608,25.1046547],[121.3659477,25.104625],[121.3659001,25.1045952],[121.3658566,25.1045484],[121.3658288,25.1044822],[121.3658109,25.1044167],[121.365799,25.1042561],[121.365805,25.1039052],[121.3658288,25.1035958],[121.3658121,25.103484],[121.3657788,25.1033745],[121.3657217,25.1032698],[121.365598,25.1031223],[121.3654409,25.1029462],[121.3652648,25.1028225],[121.3651744,25.1027654],[121.3651411,25.1027416],[121.3651316,25.1027035],[121.3651268,25.1026797],[121.3651221,25.1026512],[121.3651268,25.1025941],[121.3651601,25.1025417],[121.3651982,25.1025132],[121.3653029,25.1024656],[121.3654362,25.1024323],[121.3655551,25.1024275],[121.3656931,25.102418],[121.3658264,25.1023894],[121.3660168,25.1023371],[121.3661928,25.102261],[121.3663213,25.1022038],[121.3665164,25.1020896],[121.3666545,25.1019897],[121.3669192,25.1017845],[121.3670857,25.101606],[121.3673177,25.1013145],[121.3674605,25.101142],[121.3675639,25.1009554],[121.3675698,25.1009137],[121.3675579,25.1008721],[121.367546,25.1008423],[121.36752,25.1008327],[121.3675081,25.1008267],[121.3674605,25.1008208],[121.3674129,25.1008148],[121.3673594,25.1008148],[121.3673118,25.1008148],[121.367282,25.1008446],[121.3669965,25.1011837],[121.3669073,25.1012907],[121.3668359,25.1013264],[121.3666574,25.1013859],[121.3659317,25.1016179],[121.3652,25.1017964],[121.3650632,25.1018083],[121.3649383,25.1018023],[121.3648907,25.1017845],[121.364855,25.1017666],[121.3648312,25.1017369],[121.3648133,25.1017071],[121.3647895,25.1016655],[121.3647776,25.1015822],[121.3647717,25.1014513],[121.3647895,25.1012253],[121.3648074,25.1011539],[121.3648252,25.1011123],[121.3649978,25.1009219],[121.365087,25.1007791],[121.3651108,25.1006899],[121.3651011,25.1005925],[121.3650572,25.1005115],[121.3649978,25.1004639],[121.3649286,25.1004378],[121.3648394,25.1004438],[121.3647085,25.1004914],[121.3646074,25.1005628],[121.3644862,25.1006483],[121.3643315,25.1008089],[121.3642066,25.1009635],[121.3641054,25.1011361],[121.3640281,25.1011896],[121.3638318,25.1013562],[121.363721,25.1014551],[121.3636258,25.1015502],[121.3635366,25.1016633],[121.3633879,25.1017822],[121.363263,25.1018477],[121.3631023,25.1019191],[121.3629715,25.1019785],[121.3628228,25.102044],[121.3627454,25.1021213],[121.3625075,25.102389],[121.362216,25.10274],[121.3620554,25.1029363],[121.3619364,25.1030612],[121.3617996,25.1031742],[121.3617103,25.1032099],[121.3616628,25.1032159],[121.3616152,25.1032159],[121.3615378,25.1031802],[121.3614962,25.1031504],[121.3614664,25.1030909],[121.3614427,25.1030017],[121.3614367,25.1029184],[121.3614248,25.1026983],[121.3614531,25.1018106],[121.3613861,25.1018546],[121.3612374,25.1020211],[121.3611303,25.1021579],[121.3610768,25.1022531],[121.3609875,25.1024673],[121.3608745,25.1027528],[121.3608329,25.1028599],[121.3607674,25.1031335],[121.3606604,25.103544],[121.360583,25.1039247],[121.3605116,25.1042459],[121.3603986,25.1045612],[121.3602596,25.1048832],[121.3600157,25.1053472],[121.3597837,25.1057636],[121.3596409,25.1059956],[121.3594386,25.1063227],[121.3593375,25.1064477],[121.3592423,25.1065845],[121.3591947,25.1066559],[121.3591293,25.1067986],[121.3589122,25.1072656],[121.3587884,25.1075749],[121.3587361,25.107732],[121.3586885,25.1078224],[121.3586568,25.1078568],[121.3584934,25.1079414],[121.3584077,25.1079937],[121.3583078,25.1080746],[121.3581269,25.1082602],[121.3578414,25.1085886],[121.3575416,25.1089217],[121.3573774,25.1090716],[121.3571989,25.109256],[121.3570383,25.1094107],[121.3569313,25.109488],[121.3568123,25.1095475],[121.3566874,25.109601],[121.3564375,25.1096903],[121.3560152,25.1098152],[121.3556344,25.1099401],[121.3554976,25.1099817],[121.3551823,25.1100531],[121.3548076,25.1101245],[121.3546945,25.1101721],[121.3545756,25.1102435],[121.3544388,25.1103506],[121.3542424,25.110529],[121.3540104,25.1107432],[121.3539153,25.1108146],[121.3537963,25.1109097],[121.3536922,25.1109246],[121.3533733,25.1109389],[121.3528737,25.1109436],[121.3527737,25.1109484],[121.3527118,25.1109532],[121.3526357,25.110996],[121.3525453,25.1110531],[121.3524263,25.1111483],[121.3522693,25.111253],[121.3520408,25.1113767],[121.3518552,25.1114576],[121.3517505,25.1115099],[121.3516458,25.1115385],[121.3515602,25.1115433],[121.351327,25.1115433],[121.350556,25.1114861],[121.3503704,25.1114909],[121.3502657,25.1115099],[121.3502182,25.1115195],[121.3501526,25.1115449],[121.3501039,25.1115766],[121.3500897,25.1116051],[121.3500754,25.1116479],[121.3500754,25.111686],[121.3500778,25.1117455],[121.3500907,25.1117923],[121.3501254,25.1118645],[121.3501611,25.1119121],[121.3502146,25.1119894],[121.3507143,25.1125188],[121.3513329,25.1132267],[121.3515173,25.1134825],[121.351553,25.1135539],[121.3516185,25.1137026],[121.3516326,25.1137863],[121.3516304,25.1138335],[121.3516185,25.1139108],[121.3515947,25.1139703],[121.351553,25.1140238],[121.3514876,25.1140714],[121.3513686,25.114125],[121.3511902,25.1141547],[121.3508511,25.1142142],[121.3505775,25.1142796],[121.3503157,25.1143451],[121.3500302,25.1144581],[121.3496904,25.1146313],[121.3487088,25.1151727],[121.3484352,25.1153154],[121.3479771,25.1155058],[121.3477697,25.1155812],[121.347787,25.115732],[121.347284,25.11592],[121.3470982,25.1158141],[121.3469837,25.1158448],[121.3468647,25.1158686],[121.3467874,25.1158686],[121.3466268,25.1158686],[121.3465019,25.1158448],[121.3461568,25.1157794],[121.3455917,25.1157021],[121.3452288,25.1156783],[121.3450623,25.1156902],[121.3449552,25.115714],[121.3448065,25.1157734],[121.3446132,25.1158894],[121.3440968,25.1162547],[121.3435912,25.1166413],[121.3430974,25.1170399],[121.3426334,25.1174384],[121.3420505,25.1179857],[121.3419136,25.1181047],[121.3416935,25.1182832],[121.3413366,25.1185687],[121.3409767,25.1188274],[121.3406626,25.1190416],[121.3404152,25.1191939],[121.3402867,25.1192605],[121.3401629,25.1193081],[121.3398917,25.1194128],[121.3395538,25.1195746],[121.3393254,25.1197031],[121.3392064,25.1197602],[121.3390874,25.1198554],[121.3389589,25.1199648],[121.3388685,25.1200552],[121.3388257,25.1201171],[121.3387829,25.1201742],[121.33874,25.1202361],[121.3386877,25.120317],[121.338602,25.1204217],[121.3385021,25.1204931],[121.3384212,25.1205502],[121.3383307,25.1205977],[121.3382165,25.1206358],[121.3381023,25.1206549],[121.337912,25.1206549],[121.337379,25.120593],[121.3370982,25.1205835],[121.3368959,25.1206001],[121.3365985,25.1206358],[121.3363843,25.1206655],[121.3359798,25.1206774],[121.3358377,25.1206724],[121.3357597,25.1206596],[121.3357062,25.1206358],[121.335611,25.1205882],[121.3355158,25.1205228],[121.3354385,25.1205109],[121.3352898,25.1205049],[121.3350756,25.1205287],[121.3347247,25.120612],[121.3343321,25.1207667],[121.3340763,25.1208737],[121.3339632,25.1208916],[121.3338918,25.1208975],[121.3336717,25.1208678],[121.3333029,25.120838],[121.3330828,25.1208559],[121.3328687,25.1208797],[121.3326783,25.1209273],[121.3325355,25.1209868],[121.3323809,25.1210938],[121.3322679,25.121195],[121.332131,25.1213675],[121.3319823,25.1215816],[121.331792,25.121885],[121.3316313,25.1221527],[121.3313161,25.1226762],[121.3310127,25.1231699],[121.3309353,25.1233008],[121.3308878,25.1234197],[121.3308818,25.1234554],[121.3308759,25.1235149],[121.330858,25.1235923],[121.3304914,25.1244101],[121.3300985,25.1252865],[121.3306767,25.1254763],[121.3317114,25.125322],[121.3355295,25.1260859],[121.3386246,25.1269646],[121.3399919,25.1277482],[121.3410722,25.1285594],[121.3417131,25.1287075],[121.3440241,25.1285093],[121.3450337,25.1284227]]]}},{"type":"Feature","properties":{"li":"中湖里"},"geometry":{"type":"Polygon","coordinates":[[[121.3787011,25.1028227],[121.3789822,25.102386],[121.3791904,25.1020172],[121.3793153,25.1017852],[121.3794521,25.1014699],[121.3795533,25.1011665],[121.3796009,25.1009345],[121.3796128,25.1007323],[121.3796009,25.1003218],[121.3795414,25.0995663],[121.3795295,25.0993165],[121.3795295,25.0991083],[121.3795354,25.0990012],[121.3795473,25.0989655],[121.3795652,25.0988941],[121.3796128,25.0988406],[121.3797793,25.0986621],[121.38031,25.0982029],[121.3807287,25.0978841],[121.3811475,25.0975985],[121.3812429,25.0975395],[121.381285,25.097633],[121.381682,25.097528],[121.382202,25.097407],[121.38265,25.097283],[121.3824664,25.0967377],[121.3824775,25.0966657],[121.3824775,25.0965467],[121.3824664,25.0963808],[121.3824426,25.09625],[121.3824426,25.0960893],[121.3825021,25.0958514],[121.3826329,25.0952922],[121.3827638,25.0947687],[121.3829163,25.0941478],[121.383056,25.0935619],[121.3833297,25.092396],[121.3836509,25.0909849],[121.3872878,25.0887228],[121.3873572,25.0884165],[121.3857139,25.085335],[121.3857241,25.0852489],[121.3857851,25.085155],[121.3858803,25.0850122],[121.3864514,25.0842448],[121.3868142,25.083757],[121.3870641,25.0833823],[121.3875566,25.0826232],[121.3867524,25.0820331],[121.3865477,25.0818856],[121.3864954,25.0818285],[121.386443,25.0817523],[121.3863009,25.0814008],[121.3858785,25.0803895],[121.385593,25.0796995],[121.3854777,25.0794707],[121.3849365,25.0797413],[121.3828575,25.080827],[121.3809167,25.0818308],[121.3796976,25.0824478],[121.3796972,25.082448],[121.3800467,25.0830354],[121.3801582,25.0832585],[121.3802512,25.0835224],[121.3805347,25.0844659],[121.3808693,25.0854846],[121.3809213,25.0856259],[121.3809882,25.0857523],[121.3810923,25.0859307],[121.3814195,25.0864512],[121.3810626,25.086771],[121.3798107,25.0878088],[121.3799845,25.0880233],[121.3800005,25.0881164],[121.3798201,25.0882797],[121.3795881,25.0884403],[121.3794334,25.0885236],[121.3791776,25.0886128],[121.3789515,25.0886723],[121.3783864,25.088821],[121.3777514,25.0889996],[121.377625,25.0890352],[121.3768814,25.0892374],[121.376233,25.08941],[121.375888,25.0895349],[121.3757095,25.0896037],[121.3755102,25.0896806],[121.375131,25.0898963],[121.3747889,25.0900896],[121.3745064,25.0902829],[121.3741197,25.0905432],[121.3733575,25.0910005],[121.3728935,25.091292],[121.3723582,25.0916429],[121.3722332,25.0917143],[121.3721024,25.091756],[121.3720548,25.0917679],[121.3720012,25.0917976],[121.3719239,25.0918749],[121.3718585,25.0919344],[121.3717573,25.0920118],[121.3715432,25.0921367],[121.3714718,25.0921962],[121.3714183,25.0922616],[121.3713052,25.0924401],[121.3710911,25.0927494],[121.3709959,25.0929041],[121.3709334,25.0929784],[121.3707621,25.0930831],[121.3705242,25.0932116],[121.3701482,25.0934115],[121.3696818,25.0936399],[121.3692155,25.0938874],[121.3688862,25.0940319],[121.3685706,25.0941705],[121.3680072,25.0943761],[121.3675465,25.094536],[121.367074,25.0946887],[121.366621,25.0948296],[121.3663126,25.0949209],[121.3661222,25.0949742],[121.3659262,25.095018],[121.3652456,25.0951037],[121.3647983,25.0951703],[121.3642653,25.095275],[121.3638703,25.0953749],[121.3635514,25.0954654],[121.363323,25.0955415],[121.3631374,25.0956224],[121.3629851,25.0957033],[121.3628138,25.0958032],[121.3624142,25.0960414],[121.3624259,25.0961974],[121.3624355,25.0963116],[121.3624593,25.0964163],[121.3624878,25.09654],[121.3625116,25.0966067],[121.3625497,25.0967209],[121.363572,25.095899],[121.363991,25.096171],[121.364624,25.09623],[121.364881,25.096103],[121.365257,25.095889],[121.365879,25.095734],[121.366533,25.095715],[121.367231,25.096074],[121.367478,25.096045],[121.367907,25.096288],[121.36808,25.095986],[121.368152,25.095859],[121.368207,25.095763],[121.368711,25.095763],[121.369183,25.096006],[121.369291,25.095773],[121.369731,25.095705],[121.370117,25.095744],[121.369999,25.095948],[121.370728,25.096307],[121.371029,25.096618],[121.371576,25.096492],[121.371458,25.096774],[121.371876,25.097065],[121.371726,25.097094],[121.370439,25.09725],[121.3703725,25.0972234],[121.3703288,25.0972164],[121.3700432,25.0971498],[121.3698909,25.0971117],[121.369772,25.0970974],[121.369672,25.0971022],[121.3695769,25.0971212],[121.3694341,25.0971736],[121.36912,25.0973163],[121.3687726,25.0974829],[121.368568,25.0975733],[121.3683871,25.0976685],[121.3682634,25.0977018],[121.3681016,25.0977304],[121.3677827,25.097778],[121.3674306,25.0978208],[121.3670784,25.0978493],[121.3668167,25.0978255],[121.3666168,25.097816],[121.366474,25.097816],[121.3663931,25.0978398],[121.3663194,25.0978803],[121.366248,25.0979398],[121.3661409,25.0980647],[121.3660398,25.0982015],[121.3659327,25.0983264],[121.3658435,25.0984038],[121.3657483,25.0984989],[121.365671,25.0985882],[121.3655877,25.0986655],[121.3654568,25.0987547],[121.3651713,25.0989391],[121.3649512,25.0990641],[121.3647311,25.0992247],[121.3644931,25.0993853],[121.364273,25.0995102],[121.3640351,25.099653],[121.3637793,25.0998374],[121.3635681,25.099995],[121.3633635,25.1001425],[121.3631683,25.1003044],[121.3630208,25.1004424],[121.3629113,25.1005233],[121.3628162,25.1006137],[121.3626972,25.1007327],[121.3625449,25.1008897],[121.3624021,25.1010325],[121.3622879,25.1011752],[121.3621404,25.1013323],[121.3620024,25.1014465],[121.3618834,25.1015274],[121.3615765,25.1017296],[121.3614531,25.1018106],[121.3614248,25.1026983],[121.3614367,25.1029184],[121.3614427,25.1030017],[121.3614664,25.1030909],[121.3614962,25.1031504],[121.3615378,25.1031802],[121.3616152,25.1032159],[121.3616628,25.1032159],[121.3617103,25.1032099],[121.3617996,25.1031742],[121.3619364,25.1030612],[121.3620554,25.1029363],[121.362216,25.10274],[121.3625075,25.102389],[121.3627454,25.1021213],[121.3628228,25.102044],[121.3629715,25.1019785],[121.3631023,25.1019191],[121.363263,25.1018477],[121.3633879,25.1017822],[121.3635366,25.1016633],[121.3636258,25.1015502],[121.363721,25.1014551],[121.3638318,25.1013562],[121.3640281,25.1011896],[121.3641054,25.1011361],[121.3642066,25.1009635],[121.3643315,25.1008089],[121.3644862,25.1006483],[121.3646074,25.1005628],[121.3647085,25.1004914],[121.3648394,25.1004438],[121.3649286,25.1004378],[121.3649978,25.1004639],[121.3650572,25.1005115],[121.3651011,25.1005925],[121.3651108,25.1006899],[121.365087,25.1007791],[121.3649978,25.1009219],[121.3648252,25.1011123],[121.3648074,25.1011539],[121.3647895,25.1012253],[121.3647717,25.1014513],[121.3647776,25.1015822],[121.3647895,25.1016655],[121.3648133,25.1017071],[121.3648312,25.1017369],[121.364855,25.1017666],[121.3648907,25.1017845],[121.3649383,25.1018023],[121.3650632,25.1018083],[121.3652,25.1017964],[121.3659317,25.1016179],[121.3666574,25.1013859],[121.3668359,25.1013264],[121.3669073,25.1012907],[121.3669965,25.1011837],[121.367282,25.1008446],[121.3673118,25.1008148],[121.3673594,25.1008148],[121.3674129,25.1008148],[121.3674605,25.1008208],[121.3675081,25.1008267],[121.36752,25.1008327],[121.367546,25.1008423],[121.3675579,25.1008721],[121.3675698,25.1009137],[121.3675639,25.1009554],[121.3674605,25.101142],[121.3673177,25.1013145],[121.3670857,25.101606],[121.3669192,25.1017845],[121.3666545,25.1019897],[121.3665164,25.1020896],[121.3663213,25.1022038],[121.3661928,25.102261],[121.3660168,25.1023371],[121.3658264,25.1023894],[121.3656931,25.102418],[121.3655551,25.1024275],[121.3654362,25.1024323],[121.3653029,25.1024656],[121.3651982,25.1025132],[121.3651601,25.1025417],[121.3651268,25.1025941],[121.3651221,25.1026512],[121.3651268,25.1026797],[121.3651316,25.1027035],[121.3651411,25.1027416],[121.3651744,25.1027654],[121.3652648,25.1028225],[121.3654409,25.1029462],[121.365598,25.1031223],[121.3657217,25.1032698],[121.3657788,25.1033745],[121.3658121,25.103484],[121.3658288,25.1035958],[121.365805,25.1039052],[121.365799,25.1042561],[121.3658109,25.1044167],[121.3658288,25.1044822],[121.3658566,25.1045484],[121.3659001,25.1045952],[121.3659477,25.104625],[121.3660608,25.1046547],[121.3662194,25.1046554],[121.3665486,25.1046071],[121.3667151,25.1045714],[121.3668103,25.1045595],[121.3671196,25.1045476],[121.3672743,25.1045357],[121.3673754,25.104506],[121.3674587,25.1044643],[121.3675598,25.1043811],[121.3676015,25.1043156],[121.3676431,25.1042918],[121.3677859,25.1042145],[121.3678573,25.1041669],[121.3679049,25.1041253],[121.3679465,25.1040479],[121.3679703,25.1039468],[121.368,25.1035601],[121.3680536,25.1033281],[121.368125,25.1031437],[121.3682082,25.1030069],[121.3683134,25.1028768],[121.3684462,25.1027749],[121.3685711,25.1027273],[121.3686663,25.1027154],[121.3687615,25.1027154],[121.3688983,25.1027333],[121.3690351,25.1027868],[121.3692136,25.1028701],[121.3693682,25.1029534],[121.3695407,25.1030188],[121.3697489,25.1030426],[121.3699274,25.1030426],[121.3701951,25.1030248],[121.3705163,25.1029474],[121.3707305,25.1029177],[121.3707602,25.1029177],[121.37079,25.1029236],[121.3708078,25.1029355],[121.3708138,25.1029653],[121.3708019,25.102995],[121.3707483,25.1030723],[121.3706234,25.1031735],[121.3705401,25.1032389],[121.3704806,25.1032627],[121.3703973,25.1032806],[121.3702784,25.1032984],[121.3701356,25.10334],[121.3700285,25.1033936],[121.3699036,25.1034531],[121.3698203,25.1034769],[121.3696657,25.1034888],[121.3694337,25.1035244],[121.3692255,25.1035661],[121.3691243,25.1036196],[121.3690232,25.103697],[121.3689637,25.1037981],[121.368934,25.1038933],[121.3689221,25.1040122],[121.3689221,25.1040896],[121.3689399,25.1042383],[121.3689637,25.1044524],[121.3690054,25.104625],[121.3690589,25.1049164],[121.3690529,25.1051365],[121.3690247,25.1052793],[121.3689578,25.1054057],[121.3688611,25.105547],[121.3686455,25.1057998],[121.3684298,25.1060452],[121.368229,25.1062757],[121.3679911,25.1064839],[121.3677383,25.1066624],[121.367426,25.1068706],[121.367017,25.1071085],[121.3664891,25.1074283],[121.3661842,25.1075918],[121.3659165,25.1077629],[121.3656414,25.1079413],[121.365515,25.1080603],[121.3654555,25.1081198],[121.3654332,25.1081718],[121.3654034,25.1082685],[121.365396,25.1083131],[121.365396,25.10838],[121.3654109,25.1084172],[121.365448,25.1084618],[121.3655001,25.1084841],[121.3655532,25.1084923],[121.3656191,25.1084841],[121.3657138,25.1084626],[121.365857,25.1084023],[121.366437,25.1081049],[121.3665411,25.1080529],[121.3666155,25.1080306],[121.3666824,25.1080231],[121.3667344,25.1080231],[121.3667939,25.1080454],[121.3668237,25.1080826],[121.3668559,25.1081473],[121.3668757,25.108209],[121.366898,25.1082982],[121.3669129,25.1083354],[121.3669798,25.1083949],[121.3670839,25.1084544],[121.3673144,25.1085882],[121.3675226,25.1086626],[121.3676862,25.1087072],[121.3678137,25.1087124],[121.367939,25.1086849],[121.3681658,25.1085473],[121.3683859,25.1083808],[121.3685644,25.1082142],[121.3687964,25.1079882],[121.3688916,25.1078573],[121.3689867,25.1076253],[121.3690879,25.10731],[121.3692306,25.1068996],[121.3692842,25.1067449],[121.3693794,25.1065902],[121.3695638,25.1063761],[121.3698196,25.1061381],[121.3700635,25.1059359],[121.3702865,25.1057842],[121.3704436,25.1056509],[121.3705768,25.1055367],[121.3706815,25.1054368],[121.3706958,25.1054035],[121.3707291,25.1053511],[121.370791,25.1052893],[121.370948,25.1051608],[121.3710289,25.1051132],[121.3711574,25.1050513],[121.3713192,25.1049847],[121.371462,25.1049514],[121.3716095,25.1049419],[121.3717095,25.1049276],[121.3717951,25.1049038],[121.3719093,25.1048277],[121.3720045,25.104742],[121.372152,25.1046516],[121.3722663,25.1045754],[121.3723281,25.1045612],[121.3723805,25.1045469],[121.3724804,25.1045469],[121.3726089,25.1045612],[121.3726946,25.1045754],[121.3727659,25.1045945],[121.3728992,25.1045992],[121.3730943,25.1046087],[121.3731752,25.1046325],[121.3731895,25.1046516],[121.373199,25.1046658],[121.3732038,25.1046896],[121.373199,25.1047134],[121.3731752,25.104742],[121.3731133,25.1047658],[121.3730658,25.1047801],[121.3728468,25.1047943],[121.3727897,25.1048086],[121.3727517,25.1048229],[121.3727088,25.1048657],[121.3726375,25.1049657],[121.3725232,25.1050656],[121.3719664,25.1055938],[121.3717285,25.1058318],[121.3715572,25.1060507],[121.3714572,25.1062173],[121.3714144,25.1063029],[121.3714001,25.1063743],[121.3714001,25.1064409],[121.3714096,25.1065313],[121.3714287,25.106598],[121.3714662,25.1066661],[121.3715191,25.106736],[121.3715572,25.1067598],[121.3716,25.1067836],[121.3716714,25.1067836],[121.3717142,25.1067836],[121.3717666,25.1067741],[121.3717999,25.1067503],[121.3719712,25.1065885],[121.3720997,25.1064838],[121.3722853,25.1063838],[121.3725994,25.1062458],[121.3730467,25.1060555],[121.3735416,25.1058413],[121.3739747,25.1056557],[121.3742055,25.1055439],[121.3743959,25.1053773],[121.374497,25.1052643],[121.3745565,25.1052048],[121.3746933,25.1051275],[121.3749194,25.1049787],[121.3751871,25.1048062],[121.3754785,25.1045504],[121.3755856,25.1044672],[121.3758593,25.1043184],[121.3761954,25.1041608],[121.3770044,25.1038848],[121.3776968,25.1036159],[121.3780394,25.1034941],[121.3780966,25.1034598],[121.3781308,25.1034217],[121.3781651,25.1033837],[121.3782298,25.103239],[121.3782641,25.103159],[121.3783098,25.1030601],[121.3784087,25.1029078],[121.378443,25.1028507],[121.3784773,25.1028316],[121.3785496,25.1028164],[121.3786334,25.1028164],[121.3787011,25.1028227]]]}},{"type":"Feature","properties":{"li":"嘉寶里"},"geometry":{"type":"Polygon","coordinates":[[[121.3469837,25.1158448],[121.3470982,25.1158141],[121.347284,25.11592],[121.347787,25.115732],[121.3477697,25.1155812],[121.3479771,25.1155058],[121.3484352,25.1153154],[121.3487088,25.1151727],[121.3496904,25.1146313],[121.3500302,25.1144581],[121.3503157,25.1143451],[121.3505775,25.1142796],[121.3508511,25.1142142],[121.3511902,25.1141547],[121.3513686,25.114125],[121.3514876,25.1140714],[121.351553,25.1140238],[121.3515947,25.1139703],[121.3516185,25.1139108],[121.3516304,25.1138335],[121.3516326,25.1137863],[121.3516185,25.1137026],[121.351553,25.1135539],[121.3515173,25.1134825],[121.3513329,25.1132267],[121.3507143,25.1125188],[121.3502146,25.1119894],[121.3501611,25.1119121],[121.3501254,25.1118645],[121.3500907,25.1117923],[121.3500778,25.1117455],[121.3500754,25.111686],[121.3500754,25.1116479],[121.3500897,25.1116051],[121.3501039,25.1115766],[121.3501526,25.1115449],[121.3502182,25.1115195],[121.3502657,25.1115099],[121.3503704,25.1114909],[121.350556,25.1114861],[121.351327,25.1115433],[121.3515602,25.1115433],[121.3516458,25.1115385],[121.3517505,25.1115099],[121.3518552,25.1114576],[121.3520408,25.1113767],[121.3522693,25.111253],[121.3524263,25.1111483],[121.3525453,25.1110531],[121.3526357,25.110996],[121.3527118,25.1109532],[121.3527737,25.1109484],[121.3528737,25.1109436],[121.3533733,25.1109389],[121.3536922,25.1109246],[121.3537963,25.1109097],[121.3539153,25.1108146],[121.3540104,25.1107432],[121.3542424,25.110529],[121.3544388,25.1103506],[121.3545756,25.1102435],[121.3546945,25.1101721],[121.3548076,25.1101245],[121.3551823,25.1100531],[121.3554976,25.1099817],[121.3556344,25.1099401],[121.3560152,25.1098152],[121.3564375,25.1096903],[121.3566874,25.109601],[121.3568123,25.1095475],[121.3569313,25.109488],[121.3570383,25.1094107],[121.3571989,25.109256],[121.3573774,25.1090716],[121.3575416,25.1089217],[121.3578414,25.1085886],[121.3581269,25.1082602],[121.3583078,25.1080746],[121.3584077,25.1079937],[121.3584934,25.1079414],[121.3586568,25.1078568],[121.3586885,25.1078224],[121.3587361,25.107732],[121.3587884,25.1075749],[121.3589122,25.1072656],[121.3591293,25.1067986],[121.3591947,25.1066559],[121.3592423,25.1065845],[121.3593375,25.1064477],[121.3594386,25.1063227],[121.3596409,25.1059956],[121.3597837,25.1057636],[121.3600157,25.1053472],[121.3602596,25.1048832],[121.3603986,25.1045612],[121.3605116,25.1042459],[121.360583,25.1039247],[121.3606604,25.103544],[121.3607674,25.1031335],[121.3608329,25.1028599],[121.3608745,25.1027528],[121.3609875,25.1024673],[121.3610768,25.1022531],[121.3611303,25.1021579],[121.3612374,25.1020211],[121.3613861,25.1018546],[121.3614531,25.1018106],[121.3615765,25.1017296],[121.3618834,25.1015274],[121.3620024,25.1014465],[121.3621404,25.1013323],[121.3622879,25.1011752],[121.3624021,25.1010325],[121.3625449,25.1008897],[121.3626972,25.1007327],[121.3628162,25.1006137],[121.3629113,25.1005233],[121.3630208,25.1004424],[121.3631683,25.1003044],[121.3633635,25.1001425],[121.3635681,25.099995],[121.3637793,25.0998374],[121.3640351,25.099653],[121.364273,25.0995102],[121.3644931,25.0993853],[121.3647311,25.0992247],[121.3649512,25.0990641],[121.3651713,25.0989391],[121.3654568,25.0987547],[121.3655877,25.0986655],[121.365671,25.0985882],[121.3657483,25.0984989],[121.3658435,25.0984038],[121.3659327,25.0983264],[121.3660398,25.0982015],[121.3661409,25.0980647],[121.366248,25.0979398],[121.3663194,25.0978803],[121.3663931,25.0978398],[121.366474,25.097816],[121.3666168,25.097816],[121.3668167,25.0978255],[121.3670784,25.0978493],[121.3674306,25.0978208],[121.3677827,25.097778],[121.3681016,25.0977304],[121.3682634,25.0977018],[121.3683871,25.0976685],[121.368568,25.0975733],[121.3687726,25.0974829],[121.36912,25.0973163],[121.3694341,25.0971736],[121.3695769,25.0971212],[121.369672,25.0971022],[121.369772,25.0970974],[121.3698909,25.0971117],[121.3700432,25.0971498],[121.3703288,25.0972164],[121.3703725,25.0972234],[121.370439,25.09725],[121.371726,25.097094],[121.371876,25.097065],[121.371458,25.096774],[121.371576,25.096492],[121.371029,25.096618],[121.370728,25.096307],[121.369999,25.095948],[121.370117,25.095744],[121.369731,25.095705],[121.369291,25.095773],[121.369183,25.096006],[121.368711,25.095763],[121.368207,25.095763],[121.368152,25.095859],[121.36808,25.095986],[121.367907,25.096288],[121.367478,25.096045],[121.367231,25.096074],[121.366533,25.095715],[121.365879,25.095734],[121.365257,25.095889],[121.364881,25.096103],[121.364624,25.09623],[121.363991,25.096171],[121.363572,25.095899],[121.3625497,25.0967209],[121.3625116,25.0966067],[121.3624878,25.09654],[121.3624593,25.0964163],[121.3624355,25.0963116],[121.3624259,25.0961974],[121.3624142,25.0960414],[121.3623546,25.0960769],[121.36195,25.0963684],[121.3616348,25.0965766],[121.3614563,25.0966836],[121.3613089,25.0967587],[121.3610888,25.0968598],[121.3607365,25.0970227],[121.3602606,25.097225],[121.3599632,25.097338],[121.3597966,25.0974213],[121.3596122,25.0975522],[121.3593743,25.0977366],[121.3590828,25.0979686],[121.3588924,25.098153],[121.3587734,25.098266],[121.3586842,25.0983493],[121.3585028,25.0984534],[121.3582425,25.09855],[121.357893,25.0986318],[121.3574134,25.0987545],[121.3571457,25.0988378],[121.3569792,25.0989032],[121.3568721,25.0989508],[121.3567115,25.0990401],[121.356539,25.0991531],[121.3563427,25.0992661],[121.3560571,25.0993791],[121.3558251,25.0994446],[121.3554682,25.0995516],[121.3548317,25.099742],[121.3542547,25.0998967],[121.3539691,25.0999799],[121.3538085,25.1000097],[121.3534754,25.1000454],[121.3527853,25.1000454],[121.3522857,25.1000097],[121.3516134,25.0999502],[121.3508831,25.0998586],[121.3503179,25.0997842],[121.3499387,25.0997247],[121.3497156,25.0997098],[121.3490761,25.0997321],[121.3482731,25.099747],[121.3472618,25.0997916],[121.3468008,25.0998139],[121.3465703,25.0997916],[121.3463398,25.0997396],[121.3458378,25.0995812],[121.3453976,25.0994146],[121.3452727,25.099373],[121.3449991,25.0993016],[121.3447611,25.0992659],[121.3443328,25.0992302],[121.3437677,25.0991886],[121.3435595,25.0992005],[121.3434405,25.0992302],[121.343268,25.0992778],[121.3426077,25.0995158],[121.3424233,25.0995931],[121.3417927,25.0998548],[121.3415488,25.0999322],[121.3413823,25.0999381],[121.3412514,25.0999203],[121.3410313,25.0998786],[121.3407809,25.0998102],[121.3401479,25.0995675],[121.3399814,25.0995104],[121.3398148,25.0994914],[121.3397053,25.0994914],[121.339553,25.0995152],[121.3393817,25.0995628],[121.3392199,25.0996341],[121.3390772,25.099715],[121.3389344,25.0998007],[121.3387916,25.0999054],[121.338587,25.1000672],[121.338468,25.1001671],[121.3384109,25.1001957],[121.3382824,25.1002433],[121.3381158,25.1003004],[121.3379588,25.1003623],[121.3377684,25.1004622],[121.3375828,25.1005574],[121.3374591,25.1006335],[121.3372688,25.1007906],[121.3371974,25.1008619],[121.3371783,25.1008952],[121.3371783,25.100919],[121.3371926,25.1009857],[121.3372116,25.1010856],[121.3372069,25.1011475],[121.3371736,25.1012046],[121.3371165,25.1012522],[121.3370023,25.1013093],[121.3369404,25.1013426],[121.3369118,25.1013711],[121.336888,25.101414],[121.3368642,25.1014901],[121.3368381,25.1016019],[121.3367905,25.1019291],[121.3367369,25.1021671],[121.3366775,25.1023336],[121.3366001,25.1024764],[121.3364157,25.10275],[121.3362551,25.1029285],[121.3360945,25.103101],[121.3359339,25.1032556],[121.3358803,25.1032913],[121.3357376,25.103333],[121.3354699,25.1034044],[121.3350594,25.1034757],[121.3347977,25.1034936],[121.3346252,25.1034936],[121.3343932,25.1034817],[121.3337329,25.1034282],[121.3333759,25.1034282],[121.3332927,25.1034401],[121.333251,25.1034638],[121.3332213,25.1034817],[121.3332034,25.1035114],[121.3331975,25.1035769],[121.3331915,25.1037137],[121.3331737,25.1037851],[121.333132,25.1038802],[121.3330726,25.1040111],[121.3329744,25.1041747],[121.332903,25.1042508],[121.3328078,25.1043365],[121.3326936,25.1044174],[121.3325366,25.1045173],[121.3323605,25.1045935],[121.3322558,25.104622],[121.3320226,25.1046839],[121.3318941,25.1047362],[121.3317942,25.1047934],[121.3317228,25.10486],[121.3316324,25.1049552],[121.331542,25.1050741],[121.3314611,25.1051931],[121.3313849,25.1053454],[121.3313088,25.1055262],[121.3311946,25.1057594],[121.3311279,25.1058974],[121.3310447,25.1060092],[121.3308484,25.106265],[121.3306401,25.1064911],[121.3303606,25.1067826],[121.3301405,25.1070264],[121.3300066,25.1071841],[121.3299067,25.1073221],[121.3297782,25.1074411],[121.3295926,25.1075886],[121.3294213,25.1077123],[121.3292071,25.1078313],[121.3290834,25.1078884],[121.3288883,25.1079836],[121.3287407,25.1080264],[121.3285694,25.1080692],[121.3283791,25.1080835],[121.3280412,25.1081025],[121.3278032,25.1081073],[121.3276795,25.1081263],[121.3275605,25.1081739],[121.3274987,25.1082025],[121.3274463,25.1082167],[121.3272369,25.1082358],[121.3265695,25.1082013],[121.3262661,25.1082013],[121.3261471,25.1082132],[121.3260222,25.1082489],[121.3259211,25.1082905],[121.3257961,25.1083559],[121.3255998,25.1085106],[121.3254095,25.1086653],[121.3252667,25.108808],[121.3251299,25.1089389],[121.3250347,25.1090222],[121.3249514,25.1090579],[121.3248265,25.1090876],[121.324416,25.1091531],[121.3240472,25.1091947],[121.3238033,25.1092304],[121.3235356,25.1093077],[121.3233334,25.1094029],[121.3231728,25.10951],[121.3230181,25.1096408],[121.3228991,25.1097598],[121.3228159,25.1098669],[121.3227147,25.1099859],[121.3226136,25.1101584],[121.3225541,25.1102357],[121.3224292,25.1103606],[121.3222448,25.1104558],[121.3220485,25.1105629],[121.3217153,25.1107056],[121.3213703,25.1108127],[121.3212157,25.1108365],[121.3209123,25.1108425],[121.3207338,25.1108187],[121.3205256,25.1107889],[121.320154,25.1106779],[121.3200894,25.1108011],[121.3200095,25.1109154],[121.3199295,25.1110181],[121.3198572,25.1111095],[121.3198229,25.1111286],[121.319762,25.11114],[121.3196706,25.111159],[121.3195907,25.1111857],[121.3195183,25.1112237],[121.3194879,25.1112542],[121.3194498,25.1113113],[121.3194155,25.1113798],[121.3194022,25.1114617],[121.3193594,25.1115902],[121.3192975,25.1117091],[121.3191833,25.1118805],[121.3190691,25.1120185],[121.3190405,25.1120565],[121.3190215,25.1121232],[121.3189787,25.1122992],[121.3188978,25.1125372],[121.3188169,25.1127466],[121.3187217,25.1129417],[121.3185599,25.113213],[121.3183576,25.1134628],[121.3182446,25.1135937],[121.3181316,25.1136948],[121.317965,25.1138138],[121.3178222,25.113897],[121.317614,25.1140041],[121.3172869,25.1141707],[121.3169775,25.1143253],[121.3168467,25.1144027],[121.3167277,25.1144919],[121.3166147,25.1146228],[121.3164957,25.1147893],[121.3163827,25.1149797],[121.3161982,25.1152355],[121.31599,25.1154853],[121.3157759,25.1157649],[121.3157045,25.1158542],[121.3156867,25.1159017],[121.3156807,25.1159553],[121.3156867,25.1160386],[121.3156896,25.1161783],[121.3156754,25.1162783],[121.3156373,25.1164591],[121.3156182,25.1165924],[121.3156278,25.1167209],[121.3156373,25.1168113],[121.3156563,25.1168922],[121.3156991,25.1170064],[121.3157515,25.1171682],[121.3158229,25.1172919],[121.3158562,25.1173538],[121.3159323,25.1174537],[121.3160751,25.1175917],[121.3162226,25.117744],[121.3163559,25.1178582],[121.3164606,25.1179391],[121.3165367,25.1179867],[121.3165938,25.1180438],[121.3166367,25.11812],[121.3166819,25.1182175],[121.3167889,25.1183484],[121.3168281,25.118418],[121.316429,25.119005],[121.315793,25.118957],[121.315735,25.119672],[121.315999,25.119717],[121.315658,25.120542],[121.312356,25.120569],[121.312415,25.121608],[121.3174565,25.1211528],[121.31736,25.1215845],[121.3173541,25.1216677],[121.3173719,25.1217391],[121.3174076,25.1218165],[121.3175325,25.1220128],[121.3177586,25.1223875],[121.3178537,25.122566],[121.3178656,25.1226552],[121.3178775,25.1227682],[121.3180137,25.1240619],[121.318913,25.1239176],[121.3201405,25.1234188],[121.3218133,25.1238674],[121.3228903,25.1239397],[121.3235474,25.124258],[121.3246925,25.1239994],[121.3268608,25.1242235],[121.3300985,25.1252865],[121.3304914,25.1244101],[121.330858,25.1235923],[121.3308759,25.1235149],[121.3308818,25.1234554],[121.3308878,25.1234197],[121.3309353,25.1233008],[121.3310127,25.1231699],[121.3313161,25.1226762],[121.3316313,25.1221527],[121.331792,25.121885],[121.3319823,25.1215816],[121.332131,25.1213675],[121.3322679,25.121195],[121.3323809,25.1210938],[121.3325355,25.1209868],[121.3326783,25.1209273],[121.3328687,25.1208797],[121.3330828,25.1208559],[121.3333029,25.120838],[121.3336717,25.1208678],[121.3338918,25.1208975],[121.3339632,25.1208916],[121.3340763,25.1208737],[121.3343321,25.1207667],[121.3347247,25.120612],[121.3350756,25.1205287],[121.3352898,25.1205049],[121.3354385,25.1205109],[121.3355158,25.1205228],[121.335611,25.1205882],[121.3357062,25.1206358],[121.3357597,25.1206596],[121.3358377,25.1206724],[121.3359798,25.1206774],[121.3363843,25.1206655],[121.3365985,25.1206358],[121.3368959,25.1206001],[121.3370982,25.1205835],[121.337379,25.120593],[121.337912,25.1206549],[121.3381023,25.1206549],[121.3382165,25.1206358],[121.3383307,25.1205977],[121.3384212,25.1205502],[121.3385021,25.1204931],[121.338602,25.1204217],[121.3386877,25.120317],[121.33874,25.1202361],[121.3387829,25.1201742],[121.3388257,25.1201171],[121.3388685,25.1200552],[121.3389589,25.1199648],[121.3390874,25.1198554],[121.3392064,25.1197602],[121.3393254,25.1197031],[121.3395538,25.1195746],[121.3398917,25.1194128],[121.3401629,25.1193081],[121.3402867,25.1192605],[121.3404152,25.1191939],[121.3406626,25.1190416],[121.3409767,25.1188274],[121.3413366,25.1185687],[121.3416935,25.1182832],[121.3419136,25.1181047],[121.3420505,25.1179857],[121.3426334,25.1174384],[121.3430974,25.1170399],[121.3435912,25.1166413],[121.3440968,25.1162547],[121.3446132,25.1158894],[121.3448065,25.1157734],[121.3449552,25.115714],[121.3450623,25.1156902],[121.3452288,25.1156783],[121.3455917,25.1157021],[121.3461568,25.1157794],[121.3465019,25.1158448],[121.3466268,25.1158686],[121.3467874,25.1158686],[121.3468647,25.1158686],[121.3469837,25.1158448]]]}},{"type":"Feature","properties":{"li":"西林里"},"geometry":{"type":"Polygon","coordinates":[[[121.3903088,25.0765511],[121.3902565,25.0762656],[121.3902374,25.0761038],[121.3902279,25.0760086],[121.3902374,25.0759562],[121.3902612,25.0759039],[121.3902802,25.0758896],[121.3903177,25.0758709],[121.3905294,25.0758334],[121.3906722,25.0758144],[121.3907721,25.0758049],[121.3908768,25.0757668],[121.3909482,25.0757144],[121.390991,25.0756573],[121.3910148,25.0755764],[121.3910434,25.0754955],[121.3910671,25.0754479],[121.3911005,25.0754241],[121.3911528,25.0754099],[121.3912337,25.0754051],[121.3916049,25.0754479],[121.3916763,25.0754432],[121.3917144,25.0754337],[121.3917477,25.0753908],[121.3918904,25.0752623],[121.3919904,25.0751814],[121.3920808,25.0751338],[121.392176,25.0751005],[121.3922759,25.0750767],[121.3922967,25.0750678],[121.3923205,25.075044],[121.3923265,25.0750083],[121.3923205,25.0749726],[121.3923027,25.074931],[121.3922848,25.0748894],[121.3922789,25.0748477],[121.3922789,25.0748061],[121.3923027,25.0747466],[121.3923443,25.0746514],[121.3924276,25.0745562],[121.3924811,25.0745146],[121.3925525,25.0744789],[121.3926477,25.0744432],[121.3926775,25.0744135],[121.3927072,25.0743421],[121.3927429,25.074235],[121.3927964,25.0741279],[121.3928321,25.0740923],[121.3928619,25.0740863],[121.3929095,25.0740804],[121.3930106,25.0741041],[121.3931355,25.0741458],[121.3931771,25.0741458],[121.3932009,25.0741398],[121.3932188,25.074116],[121.3932307,25.0740744],[121.3932009,25.0738365],[121.3932069,25.0737532],[121.3932188,25.0736996],[121.3932366,25.073658],[121.3932545,25.0736402],[121.3933318,25.0736164],[121.3934508,25.0735985],[121.3935162,25.0735747],[121.3936114,25.073539],[121.393778,25.0734736],[121.393885,25.0734498],[121.3939445,25.0734379],[121.3940159,25.0734498],[121.3940754,25.0734795],[121.3941349,25.073539],[121.3941884,25.0735926],[121.3942182,25.0736104],[121.3942479,25.0736104],[121.3942717,25.0735985],[121.3943133,25.0735807],[121.3943847,25.0735093],[121.3944502,25.0734201],[121.3944918,25.0733011],[121.3945275,25.0732178],[121.3945691,25.0731107],[121.3946048,25.0730572],[121.3947238,25.0729025],[121.3948908,25.0727077],[121.3952124,25.0724327],[121.3952317,25.0724162],[121.3952187,25.0724038],[121.3950027,25.0722321],[121.3948304,25.0720948],[121.3946001,25.0719894],[121.3944485,25.0719474],[121.3941895,25.0719799],[121.394108,25.0719881],[121.3940235,25.0719724],[121.393971,25.0719593],[121.3939477,25.0719408],[121.393933,25.071917],[121.3939446,25.0718878],[121.393959,25.071848],[121.3939264,25.0718218],[121.3939065,25.0718058],[121.3938715,25.0717847],[121.3938218,25.0717424],[121.3936021,25.0715396],[121.3934648,25.0714261],[121.3932576,25.0712809],[121.3930825,25.0711515],[121.3929453,25.0710273],[121.3927437,25.070837],[121.3926036,25.0707288],[121.3924273,25.0706004],[121.3923134,25.0705186],[121.392185,25.0704129],[121.3921266,25.0703627],[121.3920537,25.0703311],[121.3919721,25.0703128],[121.3919254,25.070289],[121.3919224,25.0702599],[121.3919253,25.070236],[121.3919687,25.0701697],[121.3920296,25.070082],[121.3920847,25.070013],[121.3921485,25.069936],[121.3922093,25.0698457],[121.3922354,25.0697979],[121.3922404,25.069754],[121.3922345,25.0697249],[121.3922052,25.0696932],[121.3921469,25.0696695],[121.3920653,25.0696379],[121.3920273,25.0695956],[121.3919309,25.0695005],[121.3918696,25.0694529],[121.3918142,25.0694133],[121.3917325,25.0693606],[121.3915809,25.0693186],[121.3915139,25.0693082],[121.3914382,25.0692951],[121.3913332,25.0692344],[121.3912574,25.0692214],[121.3911846,25.0692216],[121.3910915,25.0692351],[121.3909256,25.0692647],[121.3907075,25.0693501],[121.3905835,25.0694067],[121.3903393,25.0695107],[121.3902841,25.0695453],[121.3901124,25.0695723],[121.3900658,25.0695671],[121.3899841,25.0695117],[121.3898966,25.0694616],[121.389809,25.0693956],[121.3897534,25.0693136],[121.3897445,25.0692712],[121.3897387,25.0692137],[121.3897809,25.0687446],[121.3898032,25.0684503],[121.3898349,25.0682869],[121.389855,25.0682153],[121.3898926,25.0681277],[121.3898983,25.06808],[121.3898748,25.068027],[121.3898602,25.0680006],[121.3897902,25.067969],[121.3897028,25.067948],[121.3896474,25.0679402],[121.3893853,25.0679224],[121.3893329,25.0679119],[121.3890981,25.0679178],[121.388906,25.0679396],[121.3887517,25.0679506],[121.3886411,25.0679694],[121.3884315,25.0679806],[121.3883704,25.0679807],[121.3882947,25.0679862],[121.3882714,25.0680022],[121.3882541,25.0680314],[121.3882542,25.0680606],[121.3882834,25.0680896],[121.3883306,25.0681123],[121.3884065,25.0681466],[121.3884531,25.0681623],[121.3884882,25.0682073],[121.3885321,25.0682867],[121.3885616,25.0683979],[121.3885764,25.0684641],[121.3885765,25.0685171],[121.3886381,25.0686574],[121.3886761,25.0686971],[121.3887084,25.0687844],[121.3887553,25.068885],[121.3887788,25.0689433],[121.3887877,25.0689936],[121.3887445,25.0691171],[121.3887184,25.0691569],[121.3886604,25.0692287],[121.3885673,25.0692342],[121.388509,25.0692291],[121.3884888,25.0692636],[121.3884977,25.0693219],[121.3885241,25.0694039],[121.3885331,25.0694728],[121.3885246,25.0695311],[121.3885102,25.0696027],[121.3884274,25.0697732],[121.3884043,25.0698342],[121.3883463,25.0698847],[121.3882764,25.0699034],[121.3881716,25.0699117],[121.3880901,25.0699172],[121.3878281,25.0699285],[121.3876768,25.0699607],[121.3876477,25.0699687],[121.3876332,25.06999],[121.3876333,25.0700218],[121.3876491,25.0701423],[121.3876582,25.070243],[121.3876529,25.0704099],[121.3876445,25.0705239],[121.3876335,25.0707386],[121.3876223,25.0708553],[121.3876022,25.070964],[121.3875812,25.0710345],[121.3875377,25.0710956],[121.3874187,25.0712125],[121.3873344,25.0712578],[121.3872734,25.071295],[121.3872357,25.0713375],[121.3871401,25.0714836],[121.3870995,25.0715632],[121.387064,25.0716946],[121.3869661,25.0720288],[121.386946,25.072111],[121.3869461,25.0721401],[121.3869579,25.0721878],[121.3869754,25.0722037],[121.3870308,25.0722194],[121.3871211,25.0722351],[121.3872347,25.0722454],[121.3874552,25.0722555],[121.3875658,25.0722526],[121.387793,25.0722758],[121.387959,25.0723045],[121.3880523,25.0723387],[121.3881048,25.0723571],[121.3881369,25.0723862],[121.3881633,25.0724418],[121.3881635,25.0724895],[121.3880997,25.0725692],[121.3880314,25.0726317],[121.387921,25.0727115],[121.3878397,25.0727647],[121.3876361,25.0728395],[121.3874266,25.0728825],[121.3872986,25.0729093],[121.3871007,25.0729522],[121.3869698,25.0729791],[121.386766,25.0730008],[121.3866408,25.0729932],[121.3864293,25.0729396],[121.3863214,25.0728683],[121.3862572,25.072834],[121.3861462,25.0727336],[121.3860557,25.0726411],[121.3859709,25.0725433],[121.3859562,25.0724956],[121.3859093,25.0723924],[121.3857807,25.072247],[121.3857018,25.0721544],[121.3856813,25.0721253],[121.3856636,25.0720618],[121.3856664,25.072022],[121.3856837,25.0719743],[121.385753,25.0718371],[121.3858195,25.0716832],[121.3858484,25.0716169],[121.3858598,25.0715638],[121.3858538,25.0714976],[121.38581,25.0714606],[121.3857167,25.0714132],[121.3856583,25.0713789],[121.3856116,25.0713366],[121.3856057,25.0713101],[121.385591,25.0712624],[121.3856025,25.071228],[121.385643,25.0711351],[121.3857067,25.071021],[121.3857733,25.0709121],[121.3858226,25.0708359],[121.3858487,25.0708014],[121.3858776,25.0707403],[121.3859006,25.0706422],[121.3858888,25.0706104],[121.3858391,25.0705576],[121.3857165,25.0704572],[121.3856203,25.0704044],[121.3855678,25.0703701],[121.3855415,25.0703463],[121.3854947,25.0702882],[121.3854858,25.0702246],[121.385497,25.0700973],[121.3855257,25.069978],[121.3855227,25.0699436],[121.3854994,25.069933],[121.3854586,25.0699331],[121.3854209,25.0699544],[121.3853977,25.0699863],[121.3853746,25.0700526],[121.3853283,25.0701429],[121.3852792,25.0702596],[121.3852444,25.0703206],[121.3851343,25.0704879],[121.3850552,25.0705422],[121.3849317,25.0706704],[121.3848518,25.0708016],[121.3847054,25.0710609],[121.3846687,25.0711067],[121.3844851,25.0712534],[121.3844652,25.0712931],[121.3844052,25.0713785],[121.3843686,25.0714609],[121.3843119,25.0714976],[121.384255,25.071519],[121.3841916,25.0715588],[121.3840879,25.0715804],[121.3838903,25.0715353],[121.3836526,25.0715146],[121.3835421,25.0714905],[121.3833245,25.071485],[121.3832379,25.0714792],[121.3831622,25.0714689],[121.3830376,25.0714647],[121.3829603,25.0714626],[121.3828868,25.071479],[121.3827347,25.0714635],[121.3825428,25.0714345],[121.3824506,25.071437],[121.3823784,25.0714463],[121.3823336,25.0714623],[121.3822591,25.0715464],[121.3822194,25.0715986],[121.3821647,25.0716328],[121.3821175,25.0716579],[121.3819581,25.0716674],[121.3817926,25.0716929],[121.3817489,25.0716997],[121.3817133,25.0717051],[121.3818249,25.0725344],[121.3816583,25.0733613],[121.3815512,25.0740454],[121.3812657,25.0739443],[121.3808136,25.0737955],[121.3804388,25.0737063],[121.380153,25.0736733],[121.3798142,25.0736528],[121.3795078,25.0736736],[121.3792747,25.0737069],[121.3790367,25.073764],[121.3788226,25.0738354],[121.3785227,25.0739401],[121.3781658,25.0741019],[121.3778755,25.0742494],[121.3777137,25.0743446],[121.3775876,25.0744249],[121.3777163,25.0745355],[121.3782731,25.0750066],[121.3786966,25.0753778],[121.3792463,25.0758466],[121.3795378,25.0761737],[121.3799007,25.0765604],[121.3804301,25.0771612],[121.3810012,25.0767983],[121.3811796,25.07684],[121.382066,25.0771255],[121.3826728,25.0773397],[121.3830148,25.0774557],[121.3831957,25.0775175],[121.3834574,25.0775842],[121.3836452,25.0776138],[121.3839761,25.0776413],[121.3846519,25.0776413],[121.3847851,25.0780077],[121.384966,25.0784979],[121.3850136,25.0786121],[121.3850659,25.0787263],[121.3852706,25.0790594],[121.3854777,25.0794707],[121.3859838,25.0792984],[121.388199,25.0789789],[121.3899924,25.0787807],[121.3906624,25.0787094],[121.3919062,25.0774773],[121.3908858,25.0776421],[121.3906214,25.0776523],[121.390535,25.077656],[121.390462,25.077544],[121.390468,25.077457],[121.3905936,25.0774236],[121.3905848,25.0773505],[121.3905845,25.0772689],[121.390641,25.077259],[121.390663,25.077203],[121.390708,25.077203],[121.390682,25.076916],[121.39069,25.076851],[121.390548,25.076574],[121.3903143,25.0765781],[121.3903088,25.0765511]]]}},{"type":"Feature","properties":{"li":"頂福里"},"geometry":{"type":"Polygon","coordinates":[[[121.3181953,25.1043568],[121.3184918,25.1045909],[121.320263,25.104377],[121.320349,25.103973],[121.320622,25.104605],[121.320537,25.104969],[121.320751,25.105839],[121.3189733,25.1059379],[121.3189139,25.1062532],[121.3188603,25.1064257],[121.3188068,25.1065149],[121.3185926,25.1067588],[121.3182952,25.1070682],[121.3184439,25.1072526],[121.3186878,25.1075976],[121.318786,25.1077017],[121.3188859,25.1078064],[121.3189906,25.1078587],[121.3191429,25.1079158],[121.3192714,25.1079396],[121.3194808,25.1079872],[121.3196568,25.1080158],[121.3197711,25.1080443],[121.3198619,25.108084],[121.3199186,25.1081205],[121.3200328,25.1082014],[121.3201375,25.1083156],[121.3201994,25.1084155],[121.3202898,25.1085916],[121.3203231,25.1087391],[121.3203421,25.1088819],[121.3203564,25.1093245],[121.3203483,25.1100321],[121.3203445,25.1101654],[121.3203255,25.1102758],[121.3202874,25.1103862],[121.3202151,25.1105613],[121.320154,25.1106779],[121.3205256,25.1107889],[121.3207338,25.1108187],[121.3209123,25.1108425],[121.3212157,25.1108365],[121.3213703,25.1108127],[121.3217153,25.1107056],[121.3220485,25.1105629],[121.3222448,25.1104558],[121.3224292,25.1103606],[121.3225541,25.1102357],[121.3226136,25.1101584],[121.3227147,25.1099859],[121.3228159,25.1098669],[121.3228991,25.1097598],[121.3230181,25.1096408],[121.3231728,25.10951],[121.3233334,25.1094029],[121.3235356,25.1093077],[121.3238033,25.1092304],[121.3240472,25.1091947],[121.324416,25.1091531],[121.3248265,25.1090876],[121.3249514,25.1090579],[121.3250347,25.1090222],[121.3251299,25.1089389],[121.3252667,25.108808],[121.3254095,25.1086653],[121.3255998,25.1085106],[121.3257961,25.1083559],[121.3259211,25.1082905],[121.3260222,25.1082489],[121.3261471,25.1082132],[121.3262661,25.1082013],[121.3265695,25.1082013],[121.3272369,25.1082358],[121.3274463,25.1082167],[121.3274987,25.1082025],[121.3275605,25.1081739],[121.3276795,25.1081263],[121.3278032,25.1081073],[121.3280412,25.1081025],[121.3283791,25.1080835],[121.3285694,25.1080692],[121.3287407,25.1080264],[121.3288883,25.1079836],[121.3290834,25.1078884],[121.3292071,25.1078313],[121.3294213,25.1077123],[121.3295926,25.1075886],[121.3297782,25.1074411],[121.3299067,25.1073221],[121.3300066,25.1071841],[121.3301405,25.1070264],[121.3303606,25.1067826],[121.3306401,25.1064911],[121.3308484,25.106265],[121.3310447,25.1060092],[121.3311279,25.1058974],[121.3311946,25.1057594],[121.3313088,25.1055262],[121.3313849,25.1053454],[121.3314611,25.1051931],[121.331542,25.1050741],[121.3316324,25.1049552],[121.3317228,25.10486],[121.3317942,25.1047934],[121.3318941,25.1047362],[121.3320226,25.1046839],[121.3322558,25.104622],[121.3323605,25.1045935],[121.3325366,25.1045173],[121.3326936,25.1044174],[121.3328078,25.1043365],[121.332903,25.1042508],[121.3329744,25.1041747],[121.3330726,25.1040111],[121.333132,25.1038802],[121.3331737,25.1037851],[121.3331915,25.1037137],[121.3331975,25.1035769],[121.3332034,25.1035114],[121.3332213,25.1034817],[121.333251,25.1034638],[121.3332927,25.1034401],[121.3333759,25.1034282],[121.3337329,25.1034282],[121.3343932,25.1034817],[121.3346252,25.1034936],[121.3347977,25.1034936],[121.3350594,25.1034757],[121.3354699,25.1034044],[121.3357376,25.103333],[121.3358803,25.1032913],[121.3359339,25.1032556],[121.3360945,25.103101],[121.3362551,25.1029285],[121.3364157,25.10275],[121.3366001,25.1024764],[121.3366775,25.1023336],[121.3367369,25.1021671],[121.3367905,25.1019291],[121.3368381,25.1016019],[121.3368642,25.1014901],[121.336888,25.101414],[121.3369118,25.1013711],[121.3369404,25.1013426],[121.3370023,25.1013093],[121.3371165,25.1012522],[121.3371736,25.1012046],[121.3372069,25.1011475],[121.3372116,25.1010856],[121.3371926,25.1009857],[121.3371783,25.100919],[121.3371783,25.1008952],[121.3371974,25.1008619],[121.3372688,25.1007906],[121.3374591,25.1006335],[121.3375828,25.1005574],[121.3377684,25.1004622],[121.3379588,25.1003623],[121.3381158,25.1003004],[121.3382824,25.1002433],[121.3384109,25.1001957],[121.338468,25.1001671],[121.338587,25.1000672],[121.3387916,25.0999054],[121.3389344,25.0998007],[121.3390772,25.099715],[121.3392199,25.0996341],[121.3393817,25.0995628],[121.339553,25.0995152],[121.3397053,25.0994914],[121.3398148,25.0994914],[121.3399814,25.0995104],[121.3401479,25.0995675],[121.3407809,25.0998102],[121.3410313,25.0998786],[121.3412514,25.0999203],[121.3413823,25.0999381],[121.3415488,25.0999322],[121.3417927,25.0998548],[121.3424233,25.0995931],[121.3426077,25.0995158],[121.343268,25.0992778],[121.3434405,25.0992302],[121.3435595,25.0992005],[121.3437677,25.0991886],[121.3443328,25.0992302],[121.3447611,25.0992659],[121.3449991,25.0993016],[121.3452727,25.099373],[121.3453976,25.0994146],[121.3458378,25.0995812],[121.3463398,25.0997396],[121.3465703,25.0997916],[121.3468008,25.0998139],[121.3472618,25.0997916],[121.3482731,25.099747],[121.3490761,25.0997321],[121.3497156,25.0997098],[121.3499387,25.0997247],[121.3503179,25.0997842],[121.3508831,25.0998586],[121.3516134,25.0999502],[121.3522857,25.1000097],[121.3527853,25.1000454],[121.3534754,25.1000454],[121.3538085,25.1000097],[121.3539691,25.0999799],[121.3542547,25.0998967],[121.3548317,25.099742],[121.3554682,25.0995516],[121.3558251,25.0994446],[121.3560571,25.0993791],[121.3563427,25.0992661],[121.356539,25.0991531],[121.3567115,25.0990401],[121.3568721,25.0989508],[121.3569792,25.0989032],[121.3571457,25.0988378],[121.3574134,25.0987545],[121.357893,25.0986318],[121.3582425,25.09855],[121.3585028,25.0984534],[121.3586842,25.0983493],[121.3587734,25.098266],[121.3588924,25.098153],[121.3590828,25.0979686],[121.3593743,25.0977366],[121.3596122,25.0975522],[121.3597966,25.0974213],[121.3599632,25.097338],[121.3602606,25.097225],[121.3607365,25.0970227],[121.3610888,25.0968598],[121.3613089,25.0967587],[121.3614563,25.0966836],[121.3616348,25.0965766],[121.36195,25.0963684],[121.3623546,25.0960769],[121.3624142,25.0960414],[121.3628138,25.0958032],[121.3629851,25.0957033],[121.3631374,25.0956224],[121.363323,25.0955415],[121.3635514,25.0954654],[121.3638703,25.0953749],[121.3642653,25.095275],[121.3647983,25.0951703],[121.3652456,25.0951037],[121.3659262,25.095018],[121.3661222,25.0949742],[121.3663126,25.0949209],[121.366621,25.0948296],[121.367074,25.0946887],[121.3675465,25.094536],[121.3680072,25.0943761],[121.3685706,25.0941705],[121.3688862,25.0940319],[121.3684963,25.0933604],[121.3677682,25.0920953],[121.3677325,25.0920596],[121.3676814,25.0920339],[121.3675802,25.0920339],[121.3674613,25.0920577],[121.3674256,25.0920815],[121.367372,25.0921231],[121.3669854,25.0925812],[121.3669259,25.0926407],[121.3668783,25.0926526],[121.3668307,25.0926466],[121.3667891,25.0926407],[121.3667474,25.0926288],[121.3667177,25.0925871],[121.3666522,25.0924979],[121.3666225,25.0924741],[121.3665928,25.0924563],[121.3665333,25.0924563],[121.3664619,25.0924681],[121.3662061,25.0925693],[121.3660157,25.0926466],[121.3659206,25.0926645],[121.3658075,25.0926823],[121.3656588,25.0926764],[121.3655458,25.0926942],[121.3654744,25.0927358],[121.3654447,25.0927775],[121.3654268,25.0928072],[121.3654209,25.0928251],[121.365403,25.092831],[121.3652008,25.092837],[121.3650758,25.0928132],[121.3648914,25.0927656],[121.3647308,25.0927418],[121.3646297,25.0927358],[121.3643977,25.0927477],[121.364017,25.0928072],[121.36366,25.0928727],[121.3634221,25.0929024],[121.3633269,25.0929084],[121.3632317,25.0928846],[121.3631663,25.092837],[121.3629522,25.0926942],[121.3628272,25.0926109],[121.3627677,25.092599],[121.3627083,25.092599],[121.3626845,25.0926109],[121.3626607,25.0926347],[121.3626369,25.0926526],[121.362619,25.092712],[121.3626012,25.0927775],[121.3625655,25.0931285],[121.3625441,25.0933022],[121.3624965,25.093464],[121.3624156,25.0935639],[121.3622823,25.0937019],[121.3619159,25.0940208],[121.3615304,25.094311],[121.3612449,25.0945014],[121.3610973,25.094568],[121.3608975,25.0946299],[121.3607024,25.0946585],[121.3604025,25.0946727],[121.3596601,25.0946632],[121.3593556,25.0946537],[121.3588529,25.0946864],[121.3583711,25.094728],[121.3579725,25.0947518],[121.3577286,25.0947578],[121.3572824,25.0947399],[121.3567709,25.0947162],[121.3564139,25.0947102],[121.3563009,25.0947162],[121.3562593,25.0947221],[121.3561938,25.0947459],[121.3558607,25.0949541],[121.3555752,25.0951385],[121.3554384,25.0952218],[121.3553491,25.0952575],[121.3550874,25.0952813],[121.3549446,25.0952813],[121.3548554,25.0952634],[121.3548256,25.0952277],[121.3548137,25.0951861],[121.3548137,25.0951385],[121.3548435,25.0950671],[121.3549268,25.09496],[121.3550755,25.0947994],[121.3552361,25.0945972],[121.3554978,25.0942462],[121.355593,25.094157],[121.3556644,25.0941213],[121.3557477,25.0940975],[121.3563842,25.0941272],[121.3566281,25.0941272],[121.3566876,25.0941153],[121.3569315,25.094038],[121.3573479,25.0938714],[121.3579725,25.0936692],[121.3585852,25.0934491],[121.3587619,25.0933683],[121.358847,25.0932944],[121.3588707,25.0932647],[121.3588707,25.0932349],[121.3588529,25.0931933],[121.3588053,25.0931636],[121.358722,25.0931457],[121.3586744,25.0931398],[121.35849,25.0931219],[121.3581331,25.0931219],[121.3580421,25.0931125],[121.3579469,25.0930887],[121.3578874,25.0930768],[121.3577524,25.0930267],[121.357687,25.092991],[121.3576275,25.0929316],[121.3576096,25.092884],[121.3575977,25.0928126],[121.3575977,25.0927293],[121.3576037,25.0926817],[121.3576453,25.0925865],[121.3577524,25.0924319],[121.3579011,25.0922415],[121.3580439,25.0920928],[121.3581591,25.0919701],[121.3586053,25.0916132],[121.3588284,25.0914496],[121.3589325,25.0913455],[121.3590886,25.0911373],[121.3593563,25.0908027],[121.3594976,25.0906688],[121.3595719,25.0906168],[121.3596761,25.090587],[121.359795,25.090587],[121.3599586,25.0905945],[121.3600553,25.090587],[121.3600999,25.0905573],[121.3601241,25.0905189],[121.3601296,25.0904383],[121.3601267,25.0903461],[121.3601683,25.0902747],[121.3602516,25.0901914],[121.3603765,25.0900903],[121.3604955,25.0900308],[121.3605907,25.0900011],[121.3606918,25.0899773],[121.3607844,25.0899775],[121.3609357,25.0899892],[121.3611915,25.0900546],[121.3616257,25.0901736],[121.361941,25.0902271],[121.3621492,25.0902509],[121.3623574,25.090245],[121.3624824,25.0902212],[121.3625478,25.0901914],[121.3626489,25.090132],[121.3627441,25.0901022],[121.362869,25.0900963],[121.3630951,25.0901082],[121.3634639,25.0901736],[121.3642134,25.0903223],[121.3649749,25.0904353],[121.3653389,25.0904758],[121.3654958,25.0904772],[121.3656623,25.0904594],[121.3658386,25.0904187],[121.3659766,25.0903568],[121.3660528,25.0902997],[121.3660861,25.0902236],[121.3660847,25.0901738],[121.3660623,25.0901141],[121.3660194,25.0900522],[121.3659385,25.0899761],[121.3657387,25.0898333],[121.3657006,25.0898238],[121.365672,25.0898333],[121.3655721,25.0898714],[121.3654817,25.0899047],[121.3654246,25.0899047],[121.3653675,25.0899],[121.3652961,25.0898857],[121.3651914,25.0898238],[121.3648107,25.0895764],[121.3646346,25.0894526],[121.3645061,25.089367],[121.3643443,25.0892385],[121.3641587,25.0890814],[121.3640778,25.0890196],[121.3640016,25.0889244],[121.3639636,25.0888768],[121.3639398,25.0888387],[121.3639255,25.0887959],[121.3639207,25.0887673],[121.3639255,25.0887293],[121.3639398,25.0886959],[121.3639683,25.0886674],[121.3642872,25.0884913],[121.3647958,25.0882563],[121.3655334,25.0878756],[121.3660391,25.087602],[121.3664376,25.0873165],[121.3667886,25.0870428],[121.3670742,25.0867513],[121.3672288,25.0865372],[121.3672883,25.0863944],[121.3672923,25.086325],[121.3672764,25.0862397],[121.3672288,25.0861684],[121.3669849,25.0859245],[121.3667684,25.0857317],[121.3667018,25.0856937],[121.3666637,25.0856841],[121.3666304,25.0856841],[121.3665971,25.0857032],[121.3665638,25.0857365],[121.3665495,25.0857746],[121.3665114,25.0861505],[121.3664924,25.0862933],[121.3664733,25.0863647],[121.36644,25.0864218],[121.3663782,25.0864884],[121.3663353,25.0865217],[121.3662497,25.0865645],[121.3660593,25.0866169],[121.36575,25.086674],[121.3653169,25.0867454],[121.3646982,25.0868215],[121.3644222,25.0868453],[121.3640367,25.0868263],[121.3636846,25.0868072],[121.3636275,25.0867882],[121.3636037,25.0867597],[121.3635942,25.0867168],[121.3635942,25.0866835],[121.3635989,25.0866692],[121.363775,25.0864408],[121.3638321,25.0863409],[121.3638416,25.0862695],[121.3638369,25.0862314],[121.3638226,25.0861791],[121.3638036,25.0861505],[121.3637702,25.0861077],[121.3637036,25.0860744],[121.3636576,25.0860455],[121.3635656,25.0860268],[121.3634375,25.0860157],[121.3633372,25.0860173],[121.3632769,25.0860157],[121.3632293,25.0859979],[121.3631801,25.0859744],[121.3631325,25.0859221],[121.363104,25.085865],[121.3630849,25.0857888],[121.3630707,25.0856651],[121.3630469,25.0855747],[121.3630183,25.0855271],[121.3629612,25.0854652],[121.3629184,25.0854319],[121.3628851,25.0854129],[121.3627929,25.085398],[121.3626917,25.0854218],[121.3626144,25.0854634],[121.3625631,25.0855279],[121.3624738,25.0856647],[121.3624003,25.0858263],[121.3622277,25.0862903],[121.3621385,25.0864866],[121.3620374,25.0866056],[121.3619303,25.0867008],[121.3618113,25.0867603],[121.3616946,25.0867831],[121.3615615,25.0868019],[121.361389,25.0868078],[121.3610558,25.086784],[121.3608774,25.0867484],[121.3607287,25.0867127],[121.3606454,25.0866651],[121.3605681,25.0866056],[121.3605026,25.0865223],[121.360461,25.0864331],[121.3604394,25.0863369],[121.3604312,25.0862487],[121.3604253,25.0861118],[121.3604491,25.0860345],[121.3605086,25.0859691],[121.360687,25.0858442],[121.3609428,25.0856597],[121.3610915,25.0855765],[121.3612105,25.0855229],[121.3613116,25.0854218],[121.3614247,25.0853207],[121.3616507,25.0851601],[121.3618589,25.0850173],[121.3621385,25.0848567],[121.3625311,25.0846544],[121.3629178,25.0844403],[121.3631557,25.0843094],[121.3635543,25.0840655],[121.3637506,25.0839287],[121.3640599,25.0837086],[121.3642146,25.0835896],[121.3644347,25.0833814],[121.3645239,25.0832743],[121.3646072,25.0831554],[121.3647143,25.0829103],[121.3648475,25.0826343],[121.3649903,25.082363],[121.365214,25.0819918],[121.3653425,25.0817967],[121.3654662,25.0816444],[121.3655804,25.0815492],[121.3657042,25.0814636],[121.3658231,25.0814064],[121.3660278,25.0813255],[121.3663514,25.0812542],[121.3667083,25.0811971],[121.3669462,25.0811637],[121.3671195,25.0811123],[121.3671766,25.0810781],[121.3672489,25.0810172],[121.3672984,25.0809372],[121.3673161,25.080882],[121.3673289,25.0807849],[121.3673251,25.0807164],[121.367306,25.0806669],[121.3672603,25.0806022],[121.3672185,25.0805603],[121.3671652,25.0805184],[121.3671004,25.0804842],[121.36699,25.0804423],[121.3669177,25.0804233],[121.3667806,25.0804042],[121.366556,25.0803928],[121.366259,25.0803776],[121.3659202,25.0803547],[121.3656842,25.0803243],[121.3654253,25.0802633],[121.3653325,25.0802277],[121.3652697,25.080192],[121.3652183,25.0801563],[121.3651802,25.0801182],[121.3651564,25.0800659],[121.3651469,25.079985],[121.3651564,25.0799088],[121.3651849,25.0798422],[121.3652611,25.0797042],[121.3653753,25.0794853],[121.3653753,25.079452],[121.365361,25.0794329],[121.3653277,25.0794377],[121.3652183,25.0794424],[121.3651278,25.0794377],[121.3650469,25.0794139],[121.3649946,25.0793948],[121.3649422,25.0793615],[121.3648804,25.0793092],[121.3648471,25.0792568],[121.364828,25.0792045],[121.3648185,25.0791426],[121.3648233,25.0790474],[121.3648518,25.0789237],[121.3648804,25.078838],[121.3648994,25.0787381],[121.3648946,25.0786524],[121.364856,25.0785483],[121.3647727,25.0784472],[121.3646775,25.0783758],[121.3644753,25.0782093],[121.3643087,25.0781022],[121.3642076,25.078007],[121.3640588,25.0778702],[121.3639815,25.0777631],[121.3639339,25.0776917],[121.3638923,25.0775847],[121.3638744,25.0775192],[121.3638744,25.0774419],[121.3639042,25.077311],[121.3639934,25.0770552],[121.3640291,25.0769065],[121.3640469,25.0768292],[121.3640529,25.0766567],[121.3640172,25.0765258],[121.3639756,25.0764723],[121.363928,25.0764544],[121.3638625,25.0764485],[121.3637674,25.0764604],[121.3637532,25.0764645],[121.3636067,25.0765079],[121.3634937,25.0765615],[121.3634613,25.076593],[121.3634104,25.0766626],[121.3632677,25.076966],[121.3632022,25.0771623],[121.3631368,25.0774597],[121.363113,25.0775966],[121.3630654,25.0777929],[121.363,25.0779356],[121.3628989,25.0781081],[121.3628394,25.0781855],[121.3628215,25.0782509],[121.3628394,25.0783223],[121.3628691,25.0783758],[121.3629464,25.0784472],[121.3630714,25.0785364],[121.3630892,25.0785602],[121.3630952,25.0786138],[121.3630773,25.0787387],[121.3630297,25.0788696],[121.3629345,25.0790302],[121.3628632,25.0791313],[121.3627858,25.0791968],[121.3626728,25.0792503],[121.3625538,25.0792741],[121.3623992,25.07928],[121.3622504,25.0793038],[121.362072,25.0793693],[121.3618638,25.0794763],[121.3617864,25.0795299],[121.3617659,25.0795614],[121.3617627,25.0795894],[121.3617627,25.079637],[121.3617864,25.0796667],[121.3618459,25.0797143],[121.3619828,25.0797619],[121.3621315,25.0798154],[121.3622148,25.0798689],[121.3623337,25.0799463],[121.3624824,25.0800712],[121.3625717,25.0801842],[121.3626193,25.0802854],[121.3626966,25.0804341],[121.3627263,25.0805649],[121.3627323,25.0807077],[121.3627263,25.0808624],[121.3626966,25.0809814],[121.3626312,25.0810706],[121.3623694,25.0813442],[121.3620039,25.0816434],[121.3617362,25.0818041],[121.3616043,25.081861],[121.3614437,25.0818967],[121.3613544,25.0819086],[121.3609797,25.0818967],[121.360242,25.0818551],[121.3598851,25.0818491],[121.3596828,25.0818729],[121.3595698,25.0819145],[121.3593438,25.0820276],[121.3592437,25.0820658],[121.3591594,25.0820811],[121.3590761,25.0820811],[121.3589932,25.0820758],[121.3588868,25.0820658],[121.3587548,25.0820157],[121.3586478,25.0819502],[121.3585288,25.081861],[121.3584336,25.0817539],[121.3583801,25.0816528],[121.3583325,25.0815279],[121.358267,25.0813018],[121.3582135,25.0810579],[121.3581719,25.0807962],[121.358154,25.0806237],[121.3581421,25.080582],[121.3580945,25.0805464],[121.3580053,25.0805345],[121.3577565,25.080537],[121.3573639,25.0805905],[121.3571844,25.0806356],[121.3569821,25.0807308],[121.3567025,25.0808973],[121.3564371,25.0810037],[121.3559686,25.0811598],[121.3558943,25.081197],[121.3558496,25.0812565],[121.3557976,25.0814424],[121.3557307,25.0816431],[121.3557009,25.081896],[121.3556593,25.0820179],[121.3555998,25.0821309],[121.3554927,25.082244],[121.3553262,25.0824165],[121.3550942,25.0826009],[121.3548622,25.0827377],[121.3546421,25.0828388],[121.3545409,25.0828626],[121.3543922,25.0829102],[121.3542851,25.0829519],[121.35419,25.0830113],[121.3540412,25.0831482],[121.3539639,25.0832077],[121.3538568,25.0832493],[121.3535713,25.0833028],[121.3527563,25.0835348],[121.3524054,25.0836122],[121.3519354,25.0837133],[121.3513881,25.0838799],[121.350478,25.0842903],[121.349173,25.084816],[121.348358,25.0851373],[121.3480427,25.0852384],[121.3474181,25.0853812],[121.3468292,25.0855061],[121.3462105,25.085631],[121.3456454,25.08575],[121.3449732,25.0858749],[121.3445747,25.0859404],[121.3443129,25.0859701],[121.3437954,25.0859939],[121.3434266,25.085963],[121.3431648,25.0859106],[121.3427936,25.085825],[121.3424367,25.0857345],[121.3419798,25.0856298],[121.3414474,25.0855317],[121.3412273,25.0855019],[121.3410548,25.0855019],[121.3408407,25.0855198],[121.340567,25.0855674],[121.339996,25.0857102],[121.3396926,25.0857696],[121.3395082,25.0857994],[121.3393535,25.0857994],[121.3392286,25.0857815],[121.3386635,25.085615],[121.3383303,25.0855139],[121.3378961,25.0854008],[121.3372514,25.0852781],[121.3369004,25.0851711],[121.3365673,25.085064],[121.3364909,25.0851248],[121.3363784,25.0852012],[121.3362862,25.0852513],[121.3361435,25.0853299],[121.3359553,25.0854325],[121.3357697,25.0855247],[121.3353947,25.0856793],[121.3352736,25.0857041],[121.3351499,25.0857507],[121.3350767,25.0857642],[121.3349707,25.0858085],[121.3348344,25.0858574],[121.3347447,25.085904],[121.3346614,25.0859427],[121.3345502,25.0860008],[121.3344706,25.0860498],[121.3343582,25.0860988],[121.3343191,25.0861227],[121.3340867,25.0862446],[121.3339667,25.0863141],[121.3338694,25.0863653],[121.3337481,25.0864383],[121.3335826,25.0865398],[121.3334719,25.0866029],[121.3334588,25.0866104],[121.3333983,25.0866165],[121.3333705,25.0866193],[121.3333377,25.0866306],[121.3332961,25.0866397],[121.3332469,25.0866493],[121.3332061,25.0866494],[121.3331601,25.0866448],[121.3330502,25.0866086],[121.3329243,25.0865961],[121.3328196,25.0866124],[121.332722,25.0866643],[121.3326421,25.0867198],[121.3325405,25.0868038],[121.3324465,25.0868833],[121.3323589,25.0869537],[121.3322232,25.08705],[121.3321685,25.0871046],[121.3321266,25.0871387],[121.3320161,25.0872306],[121.3319223,25.0872941],[121.3318449,25.0873439],[121.3317852,25.0873961],[121.3317205,25.0874403],[121.331567,25.087556],[121.3314883,25.0876127],[121.3314197,25.087674],[121.3313663,25.0877194],[121.3312723,25.0877989],[121.3311694,25.0878898],[121.3310831,25.087951],[121.3310311,25.0879919],[121.330993,25.0880202],[121.3309373,25.0880461],[121.3308969,25.088063],[121.3308602,25.0880753],[121.3307489,25.0881133],[121.330663,25.0881378],[121.3305634,25.0881439],[121.3304952,25.0881628],[121.3304244,25.0881817],[121.3303777,25.0881893],[121.3302969,25.0882058],[121.3302174,25.0882189],[121.3301263,25.0882548],[121.3300752,25.0883359],[121.3300391,25.0884181],[121.3300245,25.0884994],[121.3300021,25.0886093],[121.3299478,25.0887476],[121.3298951,25.0888607],[121.3298505,25.0889085],[121.3297868,25.0889883],[121.3297218,25.08906],[121.3296684,25.0891157],[121.3295653,25.0892272],[121.3295053,25.0893024],[121.3294592,25.0893812],[121.3294008,25.0894334],[121.3293725,25.0894917],[121.3292867,25.0896435],[121.3292059,25.0897861],[121.329155,25.0898442],[121.3291168,25.0898829],[121.3290735,25.0899272],[121.329029,25.0899693],[121.3289324,25.0900591],[121.3288878,25.0901114],[121.3287988,25.0902013],[121.328744,25.0902628],[121.3286867,25.0903231],[121.328618,25.090397],[121.3285315,25.0904777],[121.3284371,25.0905996],[121.3283672,25.0906621],[121.3283188,25.0907236],[121.3282208,25.0908191],[121.3281281,25.0909032],[121.3280529,25.090984],[121.3279945,25.0910317],[121.3279221,25.091093],[121.3278371,25.0911531],[121.3277737,25.0911972],[121.3277218,25.0912255],[121.3275763,25.0912885],[121.3274725,25.0913289],[121.3273889,25.0913729],[121.3273421,25.0913966],[121.3272621,25.0914555],[121.3271632,25.0915235],[121.3270681,25.0915892],[121.3269845,25.0916332],[121.3268995,25.0916944],[121.3268335,25.0917409],[121.3267449,25.0917826],[121.3266347,25.091839],[121.3265361,25.0918771],[121.3264767,25.0918916],[121.3264136,25.0919036],[121.3263316,25.091911],[121.3262509,25.0919194],[121.3261059,25.0919205],[121.3259824,25.0919229],[121.3259105,25.0919315],[121.3258563,25.0919379],[121.325793,25.0919626],[121.3257182,25.0920067],[121.3256548,25.0920474],[121.3255659,25.0921246],[121.3254732,25.092195],[121.3254046,25.092262],[121.3253409,25.0923303],[121.3252748,25.0923928],[121.3252473,25.0924133],[121.3252752,25.0929568],[121.3252931,25.093165],[121.3253317,25.0933702],[121.3253585,25.0934803],[121.3253838,25.0935412],[121.3254061,25.0935933],[121.3254581,25.0936453],[121.3255771,25.0937271],[121.3256217,25.0937494],[121.3256738,25.0937941],[121.3256961,25.0938833],[121.3256916,25.0939918],[121.3256633,25.0941066],[121.3255771,25.094322],[121.325473,25.094493],[121.3253317,25.0946566],[121.3251756,25.0948202],[121.3250566,25.0949094],[121.3246402,25.0951622],[121.3243428,25.0953407],[121.324023,25.0955043],[121.3239264,25.0955637],[121.323852,25.0956307],[121.3237762,25.0957526],[121.323684,25.0958562],[121.3236066,25.0959207],[121.3233835,25.0961066],[121.3231902,25.096233],[121.3229709,25.0963631],[121.3226734,25.0965296],[121.3224474,25.0966486],[121.3221856,25.0967914],[121.3220369,25.0969044],[121.3219001,25.0970531],[121.3217573,25.0972673],[121.3216146,25.0975112],[121.3215134,25.0977194],[121.3214421,25.0978919],[121.3214183,25.0980049],[121.3214123,25.0980941],[121.3214064,25.0981952],[121.3214242,25.0982369],[121.3214599,25.0983023],[121.3216503,25.098576],[121.3218733,25.0988347],[121.322097,25.0991488],[121.3221541,25.0992535],[121.3221827,25.0993487],[121.3221779,25.0994486],[121.3221493,25.0995295],[121.322097,25.0996104],[121.3219257,25.0997199],[121.3217639,25.0997865],[121.3216306,25.0998246],[121.3214974,25.0998531],[121.3213641,25.0998864],[121.3212261,25.099934],[121.3210881,25.1000006],[121.3209596,25.1000768],[121.320774,25.1002005],[121.3205266,25.1004004],[121.3203362,25.1005384],[121.3200792,25.1007097],[121.3197627,25.1008596],[121.3192987,25.1010738],[121.3189716,25.1012403],[121.3189002,25.101282],[121.3188407,25.1013355],[121.3187217,25.1014485],[121.3184957,25.1015615],[121.3181269,25.1017043],[121.3176034,25.1019006],[121.3169669,25.1021445],[121.3165505,25.1023111],[121.316134,25.1024598],[121.3158128,25.102555],[121.3152953,25.1026918],[121.3157295,25.1029297],[121.3165534,25.1034383],[121.3169294,25.103681],[121.3171388,25.1038095],[121.3173053,25.1038952],[121.317648,25.1040379],[121.3178859,25.1041426],[121.3179811,25.104195],[121.3181953,25.1043568]]]}},{"type":"Feature","properties":{"li":"東林里"},"geometry":{"type":"Polygon","coordinates":[[[121.4020959,25.1075256],[121.4024255,25.1074246],[121.4026086,25.1073526],[121.402802,25.1072472],[121.4029482,25.1071086],[121.4030312,25.1070027],[121.4031028,25.106891],[121.403196,25.106729],[121.4032676,25.1065889],[121.4033474,25.1064401],[121.4034034,25.1062783],[121.4034352,25.1061313],[121.4034592,25.1060798],[121.4034994,25.106032],[121.4035194,25.1059805],[121.4034947,25.105841],[121.40345,25.105742],[121.4033929,25.1055732],[121.4033548,25.1054691],[121.4033454,25.1053514],[121.403357,25.1052338],[121.4033688,25.1051763],[121.4034226,25.1050776],[121.4035513,25.1049049],[121.4036411,25.104776],[121.4037577,25.1046006],[121.4038324,25.1044663],[121.4038982,25.1042518],[121.4039279,25.1041231],[121.4039513,25.1039479],[121.4039542,25.103826],[121.4039447,25.103681],[121.4039292,25.1035415],[121.4038923,25.1032789],[121.4038555,25.1030793],[121.4038034,25.1028887],[121.4037849,25.1027656],[121.4037932,25.1025522],[121.403793,25.1024673],[121.4037622,25.1022595],[121.4037435,25.1020653],[121.4037311,25.101916],[121.4037487,25.1017819],[121.4038052,25.1015875],[121.4039214,25.1012916],[121.4039994,25.1011066],[121.404035,25.1009886],[121.404086,25.1009419],[121.4041401,25.1009308],[121.4042513,25.1009414],[121.4043474,25.1008974],[121.4044583,25.1007849],[121.4045063,25.1007601],[121.4046175,25.1007625],[121.4046748,25.100787],[121.4047291,25.1008552],[121.4047896,25.1009645],[121.4048139,25.1010192],[121.404814,25.1010766],[121.4048082,25.1011204],[121.4047664,25.1012026],[121.4047373,25.1012943],[121.4047314,25.1013408],[121.4047556,25.1013845],[121.4048159,25.1014363],[121.4049455,25.1015317],[121.4051354,25.101668],[121.40528,25.1017497],[121.4054276,25.1018368],[121.4056174,25.1019375],[121.405765,25.1020219],[121.4059325,25.102113],[121.4060651,25.1022138],[121.4061767,25.1023202],[121.4062915,25.1024759],[121.4063519,25.1025468],[121.4063941,25.1025905],[121.4064303,25.1026232],[121.4064665,25.1026532],[121.4064966,25.1026613],[121.4065326,25.1026557],[121.4065476,25.1026393],[121.4065566,25.1026201],[121.4065535,25.1025927],[121.4065504,25.1025791],[121.4065199,25.1024506],[121.4064713,25.102303],[121.4064559,25.1022072],[121.4064587,25.1021443],[121.4064614,25.1020431],[121.4064999,25.1018706],[121.4065775,25.1017117],[121.4065895,25.1016897],[121.4066853,25.10158],[121.4068237,25.1014222],[121.4069495,25.101296],[121.4070906,25.1012162],[121.4072257,25.1011721],[121.4073459,25.1011416],[121.4073849,25.1011278],[121.4074028,25.1010895],[121.4073966,25.1010266],[121.4073605,25.1010048],[121.4073032,25.100953],[121.4072188,25.1007817],[121.4071912,25.1006368],[121.40717,25.1005767],[121.4071277,25.1005084],[121.4070613,25.1004457],[121.407013,25.1003993],[121.4069467,25.1003557],[121.4068985,25.1003066],[121.4068802,25.1002519],[121.406877,25.100189],[121.4069009,25.1001369],[121.4069608,25.1000656],[121.4070147,25.0999998],[121.4070476,25.0999461],[121.4070772,25.0998256],[121.4071131,25.0997681],[121.4071491,25.0997406],[121.4072242,25.0997048],[121.4072932,25.0996773],[121.4073624,25.099688],[121.4074467,25.0997206],[121.407528,25.0997587],[121.4075611,25.0997777],[121.4076421,25.0997009],[121.4077289,25.0996021],[121.4077468,25.0995665],[121.4077316,25.0995091],[121.4076833,25.0994436],[121.40765,25.0993862],[121.4076227,25.0993069],[121.4076195,25.0992604],[121.4076643,25.0991645],[121.4077689,25.0989864],[121.4078228,25.098926],[121.4079367,25.0988245],[121.4080087,25.0987723],[121.4080576,25.0987488],[121.4081627,25.0987267],[121.4082422,25.0987016],[121.4083212,25.0987466],[121.408414,25.0988556],[121.4084945,25.0989647],[121.4085843,25.0991214],[121.4086401,25.0992249],[121.4086774,25.0993173],[121.4087394,25.0994573],[121.4087615,25.0995146],[121.4087986,25.0995565],[121.4088388,25.0995872],[121.4089251,25.0996038],[121.4089713,25.0996121],[121.4090205,25.0996035],[121.4090759,25.0995697],[121.4091096,25.0995248],[121.4091799,25.0993704],[121.4092379,25.0992077],[121.4093298,25.0989087],[121.4093726,25.0988189],[121.4094582,25.0986449],[121.4095531,25.0984681],[121.409648,25.0982968],[121.4096968,25.0982251],[121.4097289,25.0981503],[121.4097615,25.0980724],[121.4098006,25.0979976],[121.4098234,25.0979317],[121.4098755,25.0977941],[121.4098916,25.0976834],[121.4098881,25.0976206],[121.4098748,25.0975878],[121.4098155,25.0975281],[121.4097596,25.0975104],[121.4097102,25.0974896],[121.4096476,25.0974419],[121.4096146,25.0973972],[121.4095848,25.0973405],[121.409555,25.0972568],[121.4095546,25.0971342],[121.409561,25.0970513],[121.4096002,25.0969914],[121.4097015,25.0968326],[121.4097798,25.0966889],[121.4098844,25.0965152],[121.4099431,25.0963864],[121.4099757,25.0963146],[121.4099851,25.096195],[121.4100076,25.0960574],[121.4100134,25.0958791],[121.4100328,25.0957804],[121.410134,25.0955977],[121.4102125,25.0954928],[121.4103566,25.0953668],[121.4105007,25.0952289],[121.4105793,25.0951689],[121.4106581,25.0951358],[121.4107894,25.0951025],[121.4108998,25.0951317],[121.4110314,25.0952091],[121.41116,25.0953313],[121.4112297,25.0955523],[121.4112926,25.0956747],[121.4113752,25.095812],[121.4114385,25.0958867],[121.4116034,25.0960977],[121.4116958,25.0961666],[121.411764,25.0961956],[121.4118962,25.0962171],[121.4120245,25.0962605],[121.4120727,25.0962858],[121.4121932,25.0963985],[121.4122855,25.0964565],[121.4124058,25.0964853],[121.4124978,25.0964668],[121.4125938,25.0964046],[121.4126336,25.0963425],[121.4126213,25.096277],[121.4125931,25.0962224],[121.4125287,25.0961278],[121.4124885,25.0960769],[121.4124643,25.0960186],[121.4124359,25.0959203],[121.4124276,25.0958511],[121.4124393,25.0957563],[121.412459,25.0956687],[121.4124989,25.0956067],[121.4125226,25.0955045],[121.4125102,25.0954171],[121.41249,25.0953552],[121.4123936,25.0952789],[121.4122932,25.0951954],[121.412205,25.0951246],[121.4121648,25.0950591],[121.4121526,25.0950045],[121.4121642,25.094906],[121.4122078,25.0947747],[121.4122274,25.0946434],[121.4121789,25.0944773],[121.4121545,25.0943862],[121.412126,25.0942478],[121.4121298,25.0941786],[121.4121454,25.0940692],[121.4121811,25.0939634],[121.4122207,25.093843],[121.4122405,25.0937664],[121.4122281,25.0936571],[121.4122079,25.0935879],[121.4121796,25.0935223],[121.4120589,25.0933696],[121.4119825,25.0932678],[121.4119382,25.0932096],[121.4118979,25.0931441],[121.4118777,25.0930931],[121.4118492,25.0929706],[121.4118449,25.0928795],[121.4118526,25.0927957],[121.4118482,25.0926827],[121.4118799,25.0925878],[121.4119714,25.092398],[121.4120671,25.0922775],[121.4121867,25.0921168],[121.4122305,25.0920474],[121.4122582,25.0919598],[121.41223,25.0919125],[121.4121899,25.0919017],[121.4121459,25.0919018],[121.412038,25.0919787],[121.4119702,25.0920627],[121.4118665,25.0921724],[121.4117828,25.0923111],[121.4116793,25.09249],[121.4116356,25.0926031],[121.4115521,25.0927674],[121.4114885,25.0929134],[121.4114287,25.0929828],[121.4113568,25.093034],[121.4113128,25.0930597],[121.4111768,25.0931111],[121.4110687,25.0931296],[121.4110047,25.093148],[121.4109648,25.093181],[121.4108931,25.0933051],[121.4108315,25.0933837],[121.4107636,25.0934386],[121.4106836,25.0934789],[121.4106156,25.0935156],[121.4105759,25.0935995],[121.4105281,25.0936981],[121.4104605,25.0938112],[121.4104127,25.0939025],[121.4103209,25.0939939],[121.4102251,25.0940889],[121.4100735,25.0942607],[121.4099976,25.0943265],[121.4099009,25.0944307],[121.409841,25.0944673],[121.4097331,25.0945514],[121.4095733,25.0946649],[121.4094214,25.0947419],[121.4092777,25.0948917],[121.40917,25.095016],[121.4090982,25.0951],[121.4090023,25.0951513],[121.4088904,25.0952427],[121.4088105,25.0952976],[121.4087105,25.0953235],[121.4086704,25.0953272],[121.4085543,25.0953348],[121.4084207,25.0953514],[121.4083488,25.0953844],[121.4083249,25.0954246],[121.408317,25.0955254],[121.4082908,25.095568],[121.4082417,25.0956075],[121.4081091,25.0957368],[121.4080065,25.0958278],[121.4078975,25.0958983],[121.4077402,25.0959836],[121.4075957,25.0960337],[121.4075379,25.0960632],[121.4073516,25.0961047],[121.4071972,25.0961139],[121.4071137,25.0961317],[121.4069916,25.0961525],[121.4069401,25.0961497],[121.4069304,25.0961234],[121.4069367,25.0960854],[121.4069591,25.096059],[121.4070168,25.0960003],[121.4070778,25.095965],[121.4072489,25.095881],[121.407512,25.0957427],[121.4076694,25.095672],[121.407772,25.0955928],[121.4078104,25.0955458],[121.4078615,25.0954521],[121.407919,25.0953407],[121.4079797,25.0952323],[121.4080373,25.0951502],[121.4080886,25.0950915],[121.4081784,25.095024],[121.4082416,25.0950023],[121.4083267,25.0949705],[121.4084171,25.094893],[121.4084403,25.0948424],[121.4084836,25.0946747],[121.4085501,25.0944669],[121.4086196,25.0942858],[121.4086575,25.0942272],[121.4087421,25.094171],[121.4088791,25.0940695],[121.4090103,25.0939627],[121.4091442,25.0937867],[121.4092586,25.093657],[121.4093721,25.0935156],[121.4094536,25.0934036],[121.4095146,25.0932704],[121.409529,25.0932278],[121.4095259,25.0931746],[121.409511,25.0930789],[121.4094727,25.0930045],[121.409414,25.0929248],[121.4092935,25.0927983],[121.4091321,25.0926178],[121.4089648,25.0924294],[121.4088562,25.0923126],[121.4087183,25.0921614],[121.4086801,25.0921083],[121.4086623,25.0920365],[121.4086709,25.0919992],[121.4087088,25.0919539],[121.4087613,25.0919324],[121.4088433,25.0919481],[121.4088579,25.0919534],[121.408978,25.0920143],[121.4091363,25.0921309],[121.4092124,25.0921599],[121.4094729,25.092247],[121.4096163,25.0923078],[121.4097334,25.092342],[121.4097948,25.0923419],[121.4098532,25.0923098],[121.4098997,25.0922484],[121.4100367,25.0921044],[121.4100741,25.0919553],[121.4100775,25.0917401],[121.4100976,25.0916256],[121.4102457,25.0913165],[121.410292,25.0911807],[121.4103469,25.0910129],[121.4103696,25.0908106],[121.4103954,25.0906615],[121.4104103,25.090598],[121.4104449,25.0904781],[121.4105089,25.0903635],[121.4106107,25.0902275],[121.4107066,25.0900384],[121.4107179,25.0899345],[121.4107118,25.0898468],[121.4106941,25.0898122],[121.4106413,25.0897671],[121.4105681,25.0897195],[121.4104949,25.0896984],[121.4104072,25.089688],[121.4102931,25.0896697],[121.4101994,25.0896487],[121.4101057,25.0896064],[121.4100119,25.0895268],[121.4099552,25.089472],[121.4098936,25.0894109],[121.409835,25.0893579],[121.4097764,25.0893261],[121.4096886,25.0892971],[121.4095686,25.0892655],[121.4094662,25.0892366],[121.409358,25.0892209],[121.4092877,25.0891998],[121.4092643,25.0891919],[121.4091677,25.0891576],[121.4090945,25.0891365],[121.4090066,25.0890782],[121.4089012,25.0890094],[121.4087444,25.0888703],[121.4086594,25.0888173],[121.4085159,25.0887406],[121.4084016,25.0886744],[121.4082992,25.0886294],[121.4082405,25.0885811],[121.4081957,25.0885628],[121.4081583,25.0885567],[121.4081174,25.0885259],[121.4080729,25.088461],[121.4080353,25.0884085],[121.4080114,25.0883652],[121.4079977,25.0883281],[121.4079975,25.0882817],[121.4080245,25.0882166],[121.4079981,25.0881514],[121.4080368,25.0881385],[121.4080859,25.0880839],[121.4081841,25.0879747],[121.4082404,25.0879174],[121.4083049,25.0878651],[121.4083922,25.0877892],[121.4084576,25.0877312],[121.4084947,25.0876913],[121.4085011,25.0876415],[121.4085009,25.0875797],[121.4084899,25.0875519],[121.4084393,25.0874883],[121.4084042,25.0874605],[121.4083647,25.0874308],[121.4083318,25.087405],[121.4083076,25.0873772],[121.4083032,25.0873473],[121.4083053,25.0873175],[121.4083138,25.0872657],[121.4083443,25.0872118],[121.4083529,25.0871859],[121.4083484,25.0871421],[121.4083176,25.0870864],[121.4082803,25.0870467],[121.4082402,25.087011],[121.4082402,25.0868165],[121.4083841,25.0867185],[121.4084452,25.0866626],[121.4085632,25.0866105],[121.4087509,25.0864904],[121.4088644,25.0864144],[121.4089918,25.0863072],[121.4090812,25.0862174],[121.4091379,25.0861555],[121.4091923,25.0860577],[121.4092204,25.085978],[121.4092376,25.0858664],[121.4092284,25.085741],[121.4092236,25.0856144],[121.4091972,25.0855706],[121.4091665,25.0855548],[121.4090788,25.0854993],[121.4089954,25.0854477],[121.4089449,25.0853862],[121.4089163,25.0853504],[121.4088965,25.0853027],[121.4088809,25.0852191],[121.4088785,25.0851573],[121.4088783,25.0850936],[121.4088951,25.0849888],[121.4089014,25.0849171],[121.4089623,25.0848074],[121.4089642,25.0847138],[121.4089506,25.0845804],[121.4089679,25.0845147],[121.4090135,25.084417],[121.4090831,25.0842913],[121.4091443,25.084202],[121.4092402,25.0840803],[121.4093361,25.0839824],[121.4094582,25.0838506],[121.4095759,25.0837029],[121.4097045,25.0835831],[121.4098049,25.0834972],[121.4100108,25.0833124],[121.4100937,25.0832365],[121.4102704,25.0830746],[121.4103712,25.0829575],[121.4104954,25.0828198],[121.4105149,25.0827719],[121.4106107,25.0826223],[121.410676,25.0825365],[121.4108024,25.0823927],[121.4108461,25.0823568],[121.4109029,25.0823287],[121.4109651,25.0823052],[121.4111093,25.0822589],[121.4112383,25.0822187],[121.4114285,25.0821724],[121.4115794,25.0821461],[121.4119162,25.0821252],[121.412111,25.0821326],[121.4122414,25.0821565],[121.4123246,25.0821483],[121.4124097,25.0820983],[121.4124227,25.0820684],[121.4124291,25.0820046],[121.412418,25.0819489],[121.412339,25.0818934],[121.4122908,25.0818616],[121.4122578,25.0818339],[121.412262,25.0817602],[121.4122787,25.0816632],[121.4123046,25.0815436],[121.4123325,25.0814021],[121.4123825,25.0812885],[121.4124717,25.0811628],[121.4125393,25.0810969],[121.4126112,25.081007],[121.4126591,25.0809332],[121.4127248,25.0808123],[121.4128119,25.0806727],[121.4128619,25.080573],[121.4129317,25.080529],[121.4129777,25.0805229],[121.4130127,25.0805247],[121.4130565,25.0805465],[121.4131355,25.080614],[121.4132037,25.0807233],[121.4132609,25.0808108],[121.4133004,25.0808565],[121.4134891,25.0809973],[121.4136749,25.0811747],[121.4137518,25.0812601],[121.4139451,25.0814866],[121.4141803,25.0817482],[121.4144351,25.0820302],[121.4146525,25.0822646],[121.4148732,25.0824921],[121.4149303,25.0825437],[121.4149588,25.0825596],[121.4149938,25.0825575],[121.4150112,25.0825395],[121.4150199,25.0825136],[121.4150217,25.0824021],[121.4149909,25.0823424],[121.4149644,25.0822788],[121.4149532,25.0822151],[121.4149376,25.0821315],[121.4149352,25.0820598],[121.4149347,25.081951],[121.4149323,25.0818754],[121.414919,25.0818216],[121.4149056,25.0817679],[121.4148638,25.0816944],[121.4147891,25.081595],[121.4147034,25.0814917],[121.4146566,25.0814486],[121.4145951,25.081401],[121.4145425,25.0813573],[121.414448,25.081252],[121.4144018,25.0811825],[121.4143731,25.0811009],[121.4143399,25.0809975],[121.4143068,25.0809],[121.4142845,25.0807945],[121.4142729,25.08065],[121.4142792,25.0805843],[121.4143182,25.0804767],[121.4143552,25.0804148],[121.4143725,25.080359],[121.4143788,25.0802754],[121.4144026,25.0801897],[121.4144656,25.0800501],[121.4145599,25.0799411],[121.414695,25.0798053],[121.4147539,25.0797394],[121.4147887,25.0796716],[121.4147973,25.0796218],[121.4148013,25.0795163],[121.4147879,25.0794631],[121.4147438,25.0793517],[121.4147042,25.0792901],[121.4146712,25.0792504],[121.4146426,25.0792027],[121.414625,25.0791629],[121.4146213,25.0791296],[121.4146212,25.0791288],[121.4146182,25.0791012],[121.4146246,25.0790554],[121.414644,25.0789816],[121.4146439,25.0789342],[121.4146438,25.0789279],[121.4146306,25.0788821],[121.4146108,25.0788543],[121.4145823,25.0788424],[121.4144839,25.0788507],[121.4144227,25.0788867],[121.4142764,25.0789688],[121.4140994,25.079041],[121.4140133,25.0790829],[121.4139018,25.0791131],[121.4137444,25.0791534],[121.4136701,25.0791695],[121.4135783,25.0791797],[121.4134856,25.0791909],[121.41342,25.079211],[121.4133654,25.079253],[121.4133328,25.0793029],[121.4132937,25.0793866],[121.4132612,25.0794942],[121.4132462,25.079562],[121.4132092,25.0796238],[121.4131525,25.0796857],[121.4130521,25.0797637],[121.4128507,25.0798809],[121.4127612,25.0799468],[121.4126959,25.0800247],[121.412648,25.0801005],[121.4126178,25.080226],[121.4126116,25.0803515],[121.412605,25.0804403],[121.4125747,25.0805519],[121.4125466,25.0806296],[121.4125117,25.0806855],[121.4124485,25.0807534],[121.4123306,25.0808314],[121.4121733,25.0809015],[121.4120772,25.0809397],[121.4119308,25.0810078],[121.4118338,25.0810692],[121.4117552,25.0811371],[121.4116964,25.081195],[121.4114738,25.0813848],[121.4113429,25.0814868],[121.4112382,25.0815846],[121.4111249,25.0817184],[121.4110399,25.0818023],[121.4109176,25.0818862],[121.4107678,25.0819579],[121.4106346,25.082012],[121.4105363,25.082072],[121.4104075,25.0821441],[121.4101999,25.0822462],[121.4100623,25.0823064],[121.409881,25.0823965],[121.4097522,25.0824646],[121.4096146,25.0825426],[121.4095381,25.0825707],[121.4094025,25.082593],[121.4093224,25.0826018],[121.4092415,25.0825981],[121.4091517,25.0825844],[121.4091254,25.0825685],[121.409099,25.0825168],[121.4091031,25.0824591],[121.4091184,25.0824292],[121.40921,25.0823413],[121.4092579,25.0822933],[121.4092731,25.0822634],[121.4092926,25.0821897],[121.4092814,25.0821121],[121.4092506,25.0820273],[121.4092262,25.0819219],[121.4092171,25.0818303],[121.4092344,25.0817725],[121.4093237,25.0815662],[121.409365,25.0814764],[121.4093714,25.0814227],[121.4093361,25.0813371],[121.4092701,25.0812497],[121.4092087,25.0811862],[121.4091758,25.0811112],[121.4091712,25.0811006],[121.4091289,25.080992],[121.4090803,25.0808527],[121.4089922,25.0806738],[121.4089461,25.0806301],[121.4088737,25.0805964],[121.4087994,25.0805967],[121.4087708,25.0805748],[121.4087445,25.0805371],[121.4087378,25.0805052],[121.408729,25.0804834],[121.4087114,25.0804635],[121.4086895,25.0804516],[121.4086545,25.0804716],[121.4085914,25.0805714],[121.4084978,25.080711],[121.408463,25.0807589],[121.4084041,25.0808268],[121.4083081,25.0808908],[121.4082624,25.0809349],[121.4081947,25.0810296],[121.4081346,25.0810988],[121.4080138,25.0812094],[121.4079279,25.081286],[121.4078721,25.0813265],[121.4077281,25.0814562],[121.4076469,25.0815561],[121.4075397,25.0816999],[121.4074724,25.0817891],[121.4073377,25.0819146],[121.4072404,25.0820655],[121.4071601,25.0821784],[121.4070935,25.0822597],[121.4070611,25.0823063],[121.4070231,25.0823436],[121.4069416,25.0823835],[121.4068764,25.0824282],[121.406776,25.0825152],[121.4066892,25.0825948],[121.4066078,25.0826644],[121.4065209,25.0827216],[121.406472,25.0827489],[121.4063959,25.0827888],[121.4063524,25.0828038],[121.4062926,25.0828139],[121.4062218,25.0828289],[121.4060344,25.082936],[121.4059665,25.0829783],[121.4058877,25.0830206],[121.4057166,25.0831177],[121.4055426,25.0831777],[121.4054283,25.0831929],[121.4052414,25.083232],[121.4051489,25.083257],[121.4049614,25.0833343],[121.4048418,25.0833966],[121.4046407,25.0834764],[121.4045076,25.0835486],[121.4043528,25.0836655],[121.4042904,25.0837251],[121.4041383,25.0838271],[121.4040596,25.0838918],[121.4037907,25.0840511],[121.4037121,25.0841097],[121.4036948,25.0841375],[121.4036558,25.084203],[121.4036496,25.0843021],[121.403639,25.0843735],[121.403624,25.0844587],[121.403559,25.0845402],[121.4035112,25.0845661],[121.4033851,25.0846239],[121.4033634,25.0846457],[121.4033789,25.0847309],[121.4034116,25.0847916],[121.4034719,25.084839],[121.4035373,25.0848721],[121.4036288,25.0848933],[121.4037856,25.0848857],[121.40389,25.0848616],[121.40395,25.0848186],[121.4039838,25.0847924],[121.4040517,25.0847684],[121.4041796,25.0847347],[121.4042423,25.0847346],[121.4043077,25.0847582],[121.4043235,25.0847795],[121.4043314,25.0848152],[121.4043211,25.0848414],[121.4042403,25.0849034],[121.4041647,25.0849512],[121.40411,25.0849989],[121.4040736,25.0850513],[121.4040137,25.08513],[121.4039642,25.0851658],[121.4039146,25.0851897],[121.4038546,25.0852042],[121.4037893,25.0852139],[121.4036142,25.0852001],[121.4034234,25.0851816],[121.4033606,25.0851794],[121.403311,25.0851724],[121.4032769,25.0851535],[121.4032376,25.0851203],[121.4032088,25.0850799],[121.4031721,25.0850729],[121.4031157,25.0850704],[121.4030488,25.0850712],[121.4030036,25.0850478],[121.4029804,25.0849462],[121.4029559,25.0848116],[121.4029157,25.0847207],[121.4028755,25.0846554],[121.4028353,25.0846045],[121.4027713,25.0845756],[121.4026632,25.0845504],[121.4026072,25.0845433],[121.4024593,25.0845437],[121.4023154,25.0845623],[121.4022355,25.0845735],[121.4021356,25.084592],[121.4020117,25.0845959],[121.4018717,25.0845818],[121.4018382,25.084575],[121.4017504,25.0845449],[121.4017328,25.084521],[121.4017256,25.0844699],[121.4017325,25.0844284],[121.4017639,25.0843996],[121.4018917,25.0843243],[121.402079,25.0842487],[121.4022122,25.0842132],[121.4023621,25.0841727],[121.4025267,25.0841195],[121.4026055,25.0840683],[121.4026949,25.0839827],[121.4027081,25.0838489],[121.402677,25.0837276],[121.4026219,25.0836188],[121.4025565,25.0834946],[121.4025015,25.0833982],[121.4024363,25.08333],[121.4023574,25.0832462],[121.4022886,25.0831312],[121.4022644,25.0830659],[121.4022706,25.0829675],[121.4023011,25.0828834],[121.4023624,25.0828179],[121.4024613,25.0827336],[121.4026659,25.0825743],[121.4028466,25.0824119],[121.4029419,25.0822997],[121.4030507,25.0821064],[121.4031698,25.081938],[121.4032183,25.0818146],[121.4032861,25.0816371],[121.403303,25.0815748],[121.403306,25.0814721],[121.4033124,25.0813196],[121.4032784,25.0810571],[121.4032376,25.0809148],[121.4031305,25.0805247],[121.4031184,25.0804124],[121.403177,25.0803587],[121.4032416,25.0803425],[121.4033063,25.080369],[121.4034592,25.0803793],[121.4036059,25.0803147],[121.403778,25.0802173],[121.4039042,25.0802026],[121.4040561,25.0801941],[121.4042159,25.0801937],[121.404313,25.0801962],[121.4045104,25.0802128],[121.4045982,25.0802268],[121.404664,25.0802437],[121.4047457,25.0802977],[121.4047928,25.0803346],[121.4048617,25.0803344],[121.404987,25.0803369],[121.4050935,25.0803338],[121.405178,25.0802993],[121.405228,25.0802535],[121.405231,25.0802136],[121.4051931,25.0801481],[121.4051241,25.0800999],[121.4049953,25.0800159],[121.404851,25.0799508],[121.4046909,25.0798571],[121.4046752,25.0798315],[121.4046624,25.0797631],[121.4046653,25.0796918],[121.4046714,25.0796547],[121.4047151,25.0796062],[121.4047932,25.0795375],[121.4049402,25.0794544],[121.4050153,25.0794285],[121.405128,25.0794025],[121.4051498,25.0793825],[121.4051529,25.0793597],[121.4051309,25.0793398],[121.4050618,25.0792887],[121.4049551,25.0792234],[121.4047554,25.0790597],[121.404655,25.0789916],[121.4044698,25.0788866],[121.4043661,25.0788099],[121.4042216,25.0786877],[121.403917,25.078469],[121.4037473,25.0783269],[121.4037127,25.0782871],[121.4036906,25.078213],[121.4036934,25.0781332],[121.4036802,25.0779627],[121.4036362,25.0779172],[121.4035859,25.0778774],[121.4035513,25.0778205],[121.4035448,25.0777635],[121.403554,25.0777064],[121.4035851,25.0776293],[121.4035912,25.0775638],[121.4035938,25.0774212],[121.4035998,25.0773413],[121.4035931,25.0772016],[121.4035866,25.0771532],[121.4035677,25.0771219],[121.4034954,25.0770337],[121.4034483,25.0770053],[121.4033197,25.0769686],[121.4032633,25.0769545],[121.4031912,25.0769262],[121.4031315,25.076875],[121.402987,25.0767614],[121.4029336,25.0767131],[121.4028262,25.0766342],[121.4027415,25.0765831],[121.4026975,25.0765462],[121.4026222,25.0765036],[121.4025689,25.0764952],[121.4024968,25.0764926],[121.402337,25.0764902],[121.4022744,25.0764875],[121.4022085,25.0764706],[121.4021019,25.0764424],[121.402058,25.0764282],[121.4020548,25.0764168],[121.402061,25.076394],[121.4020954,25.0763768],[121.4021643,25.0763538],[121.402252,25.0763393],[121.402324,25.0763249],[121.4023928,25.0762933],[121.4024744,25.0762487],[121.4025577,25.0761804],[121.4025959,25.0761581],[121.4026846,25.0761119],[121.4027785,25.0760863],[121.4028898,25.0760765],[121.4030081,25.0760555],[121.403062,25.0760538],[121.4031212,25.0760631],[121.4031909,25.0760835],[121.4032467,25.0760992],[121.4033652,25.0761464],[121.4034549,25.0761649],[121.4035232,25.0761647],[121.4036045,25.0761615],[121.4037477,25.0761759],[121.4037867,25.0761758],[121.4038746,25.0761933],[121.4039603,25.0762147],[121.4040906,25.0762677],[121.4041949,25.0763325],[121.4042863,25.076424],[121.4044527,25.0765716],[121.4045342,25.0766217],[121.4046713,25.0767605],[121.4047562,25.0768639],[121.4048444,25.0769732],[121.4049495,25.077096],[121.4050441,25.0771697],[121.405106,25.0771962],[121.4051645,25.077199],[121.405236,25.0771751],[121.4052814,25.0771424],[121.4052976,25.0771187],[121.405304,25.0770742],[121.4053043,25.0770336],[121.4052976,25.0769863],[121.4052844,25.0769241],[121.4052744,25.076859],[121.405271,25.0768087],[121.4052774,25.0767731],[121.4053032,25.0767227],[121.4053291,25.0766842],[121.4053648,25.0766515],[121.4054653,25.0765417],[121.4055788,25.0764584],[121.4056307,25.0764168],[121.4056827,25.07639],[121.4057575,25.0763869],[121.4057998,25.0763986],[121.4058618,25.0764458],[121.4059466,25.0764988],[121.40602,25.0765256],[121.4061599,25.0765163],[121.4062184,25.0765102],[121.4063843,25.0765127],[121.4065177,25.0765182],[121.4066316,25.076515],[121.4067584,25.0764968],[121.4068104,25.0764937],[121.4070637,25.0765375],[121.4071184,25.0765747],[121.4073667,25.0766671],[121.4074396,25.0766959],[121.4074806,25.0767206],[121.4075385,25.0767685],[121.4076229,25.0768407],[121.40768,25.0768923],[121.4077439,25.0769481],[121.4077803,25.0769707],[121.4078304,25.0769851],[121.4079055,25.0769911],[121.4079419,25.0769848],[121.4079851,25.0769639],[121.4080282,25.0769411],[121.4080871,25.0768643],[121.4081006,25.0768311],[121.4081119,25.0767979],[121.4081163,25.0767627],[121.4081117,25.0767462],[121.4080982,25.0767085],[121.4080726,25.0766555],[121.4080286,25.0765629],[121.4080137,25.0764801],[121.4080352,25.0763807],[121.4080894,25.0762646],[121.408151,25.0761717],[121.4082386,25.0760347],[121.408285,25.0758455],[121.4082386,25.0758553],[121.4080723,25.0758677],[121.4078522,25.0758852],[121.4076855,25.0759068],[121.4074979,25.0759242],[121.407345,25.0759394],[121.4071528,25.0759652],[121.407067,25.0759676],[121.4068516,25.0759682],[121.4065161,25.0759503],[121.4064001,25.0759253],[121.4062054,25.0758858],[121.4061009,25.0758376],[121.4059339,25.0757685],[121.405862,25.0757476],[121.4057201,25.0756876],[121.4056157,25.0756605],[121.4054835,25.075606],[121.4054324,25.0755809],[121.4052744,25.0754569],[121.4052094,25.0754065],[121.4051606,25.075375],[121.4049897,25.075236],[121.404927,25.0751792],[121.4047854,25.0751269],[121.4047553,25.0751207],[121.4047159,25.0751187],[121.4046372,25.0751442],[121.404584,25.0751654],[121.4045192,25.0751783],[121.4044149,25.0751786],[121.4043407,25.0751725],[121.404167,25.0751751],[121.4039978,25.075165],[121.4038333,25.0751655],[121.4035854,25.0751598],[121.4034708,25.0751496],[121.4034198,25.0751476],[121.4032924,25.0751438],[121.403158,25.0751378],[121.4030977,25.0751211],[121.402991,25.0750982],[121.4028656,25.0750643],[121.4027421,25.0750345],[121.4026548,25.0750238],[121.4025343,25.0749913],[121.4024681,25.0749778],[121.4023507,25.0749726],[121.4022906,25.0749755],[121.4022244,25.0749812],[121.4021071,25.0749952],[121.401976,25.075018],[121.4018678,25.0750485],[121.4017386,25.0751091],[121.4016274,25.0751395],[121.4015131,25.0751508],[121.4013929,25.0751895],[121.4012847,25.0752309],[121.4010833,25.0753054],[121.400864,25.07541],[121.4007438,25.0754624],[121.4006837,25.0754735],[121.4005355,25.0755432],[121.4004513,25.0755654],[121.400316,25.0756096],[121.4002409,25.0756454],[121.4001778,25.0756757],[121.4000365,25.0757199],[121.3998701,25.0757924],[121.3996718,25.0758888],[121.3994525,25.0759989],[121.3993264,25.0760595],[121.3992693,25.0760816],[121.3992002,25.0761201],[121.3991012,25.0762108],[121.3990562,25.076263],[121.3989782,25.0763152],[121.398897,25.0763456],[121.3987619,25.0764445],[121.3986024,25.0766015],[121.3985604,25.07664],[121.3985124,25.0766785],[121.3984552,25.0766841],[121.3984161,25.0766815],[121.3983619,25.0766625],[121.3982986,25.0766434],[121.398295,25.0766413],[121.3982659,25.0767207],[121.3982354,25.0768039],[121.3981926,25.0768895],[121.3981355,25.077018],[121.3980983,25.0770994],[121.3980199,25.0771892],[121.3978082,25.0773617],[121.3976236,25.0775092],[121.3973411,25.0777357],[121.3970114,25.0780017],[121.3968111,25.0780918],[121.3963197,25.0782257],[121.3956996,25.078332],[121.394091,25.0784761],[121.3921908,25.0785656],[121.3915105,25.0786191],[121.3906624,25.0787094],[121.390604,25.0787672],[121.3901586,25.0792189],[121.390462,25.0794212],[121.3911521,25.0798614],[121.3914436,25.0800458],[121.3916161,25.0801231],[121.3920563,25.0802956],[121.3925271,25.0804293],[121.3925553,25.0804373],[121.3925616,25.0804203],[121.3925825,25.0803551],[121.3926389,25.0802247],[121.3926869,25.0801058],[121.3927309,25.0800406],[121.3927799,25.0799688],[121.3928239,25.0799188],[121.392889,25.0798612],[121.392931,25.0798458],[121.3929899,25.0798418],[121.3930741,25.0798473],[121.3931814,25.0798412],[121.393213,25.0798431],[121.3933204,25.07986],[121.3933921,25.0798886],[121.3934763,25.0799228],[121.3935527,25.0799564],[121.3936328,25.0799868],[121.393675,25.0800307],[121.3937257,25.08009],[121.3937553,25.080134],[121.3937829,25.0801933],[121.3937957,25.0802392],[121.3938043,25.0803119],[121.393813,25.0803847],[121.3938196,25.0804785],[121.3938347,25.080603],[121.3938476,25.0806719],[121.3938688,25.0807332],[121.3938965,25.0808051],[121.3939093,25.080851],[121.3939411,25.0809256],[121.3939729,25.0809945],[121.3940406,25.0811131],[121.3941211,25.0812488],[121.3941976,25.0813532],[121.3942907,25.0815253],[121.3943099,25.0815827],[121.3943185,25.0816439],[121.3943188,25.0817378],[121.3943212,25.0818202],[121.3943234,25.0818604],[121.3943279,25.0819351],[121.3943301,25.0819791],[121.3943471,25.0820097],[121.394375,25.0820413],[121.3944235,25.0820699],[121.3945015,25.082108],[121.3946089,25.0821422],[121.3947163,25.0821592],[121.3948132,25.0821819],[121.3948658,25.0821894],[121.3949143,25.0822084],[121.3949312,25.0822256],[121.3949439,25.0822696],[121.3949441,25.0823214],[121.3949633,25.0823883],[121.3949782,25.0824304],[121.3950081,25.0825161],[121.3950485,25.0826329],[121.3950826,25.0827611],[121.3950869,25.0827994],[121.3951104,25.0829028],[121.3951296,25.0829678],[121.3951529,25.0830348],[121.39521,25.0830921],[121.395259,25.0830941],[121.3952947,25.0830844],[121.3953304,25.0830633],[121.3953661,25.0830459],[121.3954061,25.0830458],[121.3954357,25.0830745],[121.3954442,25.0831166],[121.3954453,25.0832766],[121.395408,25.0834319],[121.3954125,25.0835353],[121.3954084,25.0835563],[121.3953601,25.0835871],[121.3953202,25.0836217],[121.3953098,25.0836639],[121.3953121,25.083706],[121.3953312,25.0837653],[121.3953587,25.0837921],[121.3953987,25.083815],[121.3954682,25.0838358],[121.3955335,25.0838491],[121.3956324,25.0838488],[121.3957187,25.083839],[121.3957944,25.0838234],[121.3958574,25.0837926],[121.3958889,25.0837657],[121.3959245,25.0837254],[121.395983,25.0835892],[121.3959828,25.0835126],[121.3959544,25.083437],[121.3958996,25.0833873],[121.3958341,25.0833128],[121.3957683,25.0831693],[121.3957196,25.0830526],[121.3957109,25.0829799],[121.3957232,25.0828879],[121.3957418,25.0827921],[121.3957838,25.0826584],[121.3958065,25.0825128],[121.3958253,25.0824591],[121.3959153,25.0823056],[121.3959885,25.0821886],[121.3961018,25.0820676],[121.3962117,25.081974],[121.3963271,25.0818894],[121.3964657,25.0817837],[121.3966,25.0816856],[121.3966988,25.0816547],[121.3967661,25.0816392],[121.3969013,25.0816247],[121.3969638,25.0816289],[121.3970889,25.081622],[121.3972379,25.0815975],[121.3973293,25.0815885],[121.3974134,25.0815729],[121.3975503,25.0815309],[121.39762,25.0815045],[121.3977184,25.0814473],[121.3978456,25.0813572],[121.3979152,25.0813132],[121.3980316,25.0812242],[121.3981445,25.0811713],[121.3983029,25.081079],[121.3984829,25.0809581],[121.3985596,25.080901],[121.3986536,25.080951],[121.3987379,25.0809946],[121.3988054,25.0810338],[121.3988512,25.0810621],[121.398873,25.0811337],[121.3988707,25.0811731],[121.3988613,25.0812278],[121.3988398,25.0812826],[121.3988135,25.0813287],[121.3987777,25.0813988],[121.3987226,25.0814865],[121.3986819,25.0815239],[121.3986267,25.0815547],[121.3985281,25.0815746],[121.3984825,25.0815835],[121.3984657,25.0815989],[121.398461,25.0816405],[121.398466,25.0816952],[121.3984734,25.0817455],[121.3984976,25.081798],[121.398558,25.0818635],[121.398599,25.0819159],[121.3986088,25.0819597],[121.3985969,25.0820057],[121.3985129,25.0820672],[121.398447,25.0821078],[121.3983581,25.0821431],[121.3982524,25.0821893],[121.3981539,25.0822225],[121.3980265,25.0822469],[121.3979544,25.082258],[121.3978751,25.0822823],[121.3978319,25.0823109],[121.3977505,25.0824031],[121.3976786,25.0824821],[121.3976015,25.0825517],[121.3975128,25.0826241],[121.3974025,25.0827295],[121.3973186,25.0828129],[121.3972636,25.0828875],[121.3972349,25.0829401],[121.397223,25.0830014],[121.3972353,25.0830649],[121.3972499,25.0831349],[121.3972695,25.0832158],[121.3973011,25.0832958],[121.3973302,25.083368],[121.3973688,25.0834095],[121.3974243,25.0834443],[121.3974725,25.0834792],[121.3975039,25.083512],[121.3975112,25.0835404],[121.3975258,25.0836082],[121.3975381,25.083687],[121.3975407,25.0837417],[121.3975311,25.0837592],[121.3974879,25.0837703],[121.397411,25.083788],[121.3973679,25.0838264],[121.397356,25.0838462],[121.3973513,25.0838856],[121.3973466,25.0839272],[121.3973541,25.0839863],[121.3973663,25.0840475],[121.3973836,25.0841832],[121.3973766,25.0842511],[121.3973552,25.0843212],[121.3973265,25.0843804],[121.3973002,25.084422],[121.3972955,25.0844549],[121.3973028,25.0844789],[121.3973365,25.0845051],[121.3973991,25.0845049],[121.3974712,25.0845091],[121.3975409,25.0844914],[121.3976669,25.0844388],[121.3977629,25.0843991],[121.3979959,25.0842912],[121.3981037,25.0841749],[121.3982046,25.0841418],[121.3983201,25.0841393],[121.3983874,25.0841325],[121.3984523,25.0841301],[121.3984859,25.0841191],[121.3985748,25.0840773],[121.3986445,25.0840683],[121.3986831,25.0840901],[121.3987,25.0841338],[121.3986957,25.084263],[121.3986719,25.0843397],[121.3986455,25.0843704],[121.3986216,25.0843989],[121.3986146,25.0844734],[121.3985767,25.084653],[121.3985675,25.0847734],[121.3985821,25.0848149],[121.3986017,25.0848405],[121.3986572,25.0848841],[121.3987921,25.084945],[121.3988813,25.0849995],[121.3989562,25.0851043],[121.3990506,25.0852836],[121.399107,25.0853851],[121.3991384,25.0854244],[121.3992134,25.0855446],[121.3992523,25.0856693],[121.3992765,25.0857064],[121.3993246,25.0857326],[121.3993704,25.0857412],[121.3994473,25.0857191],[121.3995505,25.0856663],[121.3996968,25.0855301],[121.3998239,25.0854247],[121.3998887,25.0853961],[121.3999176,25.0854026],[121.3999274,25.0854376],[121.3998988,25.0855274],[121.3998082,25.0857641],[121.399782,25.0858561],[121.3997487,25.0859612],[121.3996794,25.0860884],[121.3996148,25.0861598],[121.399495,25.0863068],[121.3994353,25.0864121],[121.3994091,25.0864888],[121.3994142,25.0865697],[121.3994287,25.0866135],[121.399453,25.0866791],[121.3995472,25.0868102],[121.3995797,25.0869083],[121.3996043,25.0870767],[121.3996335,25.0871795],[121.3996506,25.0872561],[121.3996609,25.0874509],[121.3996614,25.0876063],[121.3996616,25.0876829],[121.3996762,25.0877245],[121.3996932,25.0877573],[121.3997341,25.0877747],[121.3997846,25.0877745],[121.3998736,25.0877633],[121.3999697,25.0877543],[121.4000467,25.0877475],[121.4003232,25.0877095],[121.4004313,25.0876939],[121.4005155,25.0876871],[121.400578,25.087676],[121.4006357,25.0876627],[121.4006669,25.0876473],[121.4007197,25.0876208],[121.4007917,25.0875813],[121.40088,25.0875438],[121.4009593,25.0875348],[121.4010435,25.0875411],[121.4010724,25.0875564],[121.4011978,25.087648],[121.4012821,25.0876981],[121.4013279,25.0877242],[121.4013736,25.0877241],[121.4014409,25.0877173],[121.4014722,25.0877107],[121.401501,25.0876887],[121.4015561,25.0876338],[121.4016208,25.0875636],[121.4016977,25.0875371],[121.4017745,25.0874931],[121.4018418,25.0874732],[121.4019091,25.0874752],[121.402003,25.0874859],[121.4020367,25.0874924],[121.4020921,25.0875163],[121.4021234,25.0875403],[121.4021404,25.0875731],[121.4021361,25.0876728],[121.4021219,25.0877166],[121.4020645,25.0878306],[121.4020359,25.0879095],[121.4020458,25.0879795],[121.402058,25.0880539],[121.4020823,25.0881261],[121.4021404,25.0882376],[121.4021768,25.0883141],[121.4022232,25.088381],[121.4022642,25.0884268],[121.4023004,25.0884464],[121.4023557,25.0884528],[121.4024062,25.0884483],[121.4025,25.0884393],[121.4026034,25.0884324],[121.4027092,25.0884299],[121.4027741,25.0884385],[121.4028512,25.0884646],[121.4028946,25.0884973],[121.4029139,25.0885213],[121.4029261,25.0885782],[121.4029288,25.0886438],[121.4029026,25.0887139],[121.4028308,25.0888455],[121.4027854,25.0889244],[121.4027327,25.0889793],[121.4026079,25.0890563],[121.40243,25.089151],[121.4022903,25.0892064],[121.4020566,25.0892109],[121.4019396,25.0891922],[121.4018227,25.0891793],[121.4017266,25.089151],[121.4016053,25.0890811],[121.401576,25.0890736],[121.4015488,25.089049],[121.4014902,25.089013],[121.401438,25.0889999],[121.401365,25.0890001],[121.4013037,25.0890288],[121.4012492,25.0890762],[121.4011631,25.0891734],[121.4010597,25.0892418],[121.4009417,25.08925],[121.4007603,25.0892531],[121.4006596,25.0892743],[121.4006136,25.0892771],[121.4005907,25.0893217],[121.4005736,25.0893689],[121.4005219,25.0893952],[121.400401,25.0894244],[121.4003839,25.0894716],[121.4003498,25.0895922],[121.4003471,25.089663],[121.4003476,25.0897561],[121.4003593,25.089811],[121.4003825,25.0898529],[121.4004374,25.0899261],[121.4004895,25.0899862],[121.4005328,25.0900254],[121.4005762,25.0900777],[121.4006167,25.0901457],[121.4006284,25.0902112],[121.4006286,25.0902557],[121.4006288,25.0903134],[121.4005829,25.0904199],[121.4005315,25.0905301],[121.4004769,25.0905591],[121.4004424,25.0905854],[121.4004109,25.0906221],[121.4003937,25.0906641],[121.400391,25.0907008],[121.4004084,25.0907558],[121.4004317,25.0908238],[121.4004434,25.0908736],[121.4004666,25.0909259],[121.4004985,25.0909809],[121.4005187,25.0910123],[121.4005621,25.0910593],[121.4006543,25.0911036],[121.4007148,25.0911087],[121.400758,25.0911033],[121.400784,25.0911242],[121.4007957,25.0911712],[121.4007411,25.0912245],[121.4006924,25.0912823],[121.4006752,25.0913283],[121.4006667,25.0913781],[121.4006786,25.0914907],[121.4006963,25.0916034],[121.4007167,25.0916793],[121.4007428,25.0917395],[121.4007659,25.0917761],[121.4008035,25.0918127],[121.4008468,25.0918519],[121.4009275,25.0918831],[121.4009794,25.0918934],[121.401037,25.0919011],[121.4011349,25.0919087],[121.4011839,25.0919217],[121.4012608,25.0919268],[121.4013616,25.0919291],[121.401566,25.0919259],[121.4017071,25.0919308],[121.4018741,25.0919251],[121.4019461,25.0919301],[121.4019663,25.0919536],[121.402001,25.0919876],[121.4020386,25.0920425],[121.4020733,25.0921001],[121.4021111,25.0921864],[121.4021459,25.0922675],[121.4021691,25.0923251],[121.4022125,25.0923853],[121.4022912,25.0924627],[121.4023432,25.0925202],[121.4023751,25.0925751],[121.4024359,25.0926771],[121.4024706,25.0927373],[121.4024938,25.0927713],[121.4025226,25.0927948],[121.4025544,25.0928235],[121.4026554,25.0928861],[121.4027217,25.0929069],[121.4027649,25.0929146],[121.4028196,25.0929171],[121.4028887,25.0929169],[121.4029262,25.0929273],[121.4029492,25.0929403],[121.4029695,25.0929612],[121.4029927,25.0930109],[121.403013,25.0930685],[121.4030453,25.093188],[121.4030715,25.0932561],[121.4030948,25.0933373],[121.4031037,25.0934394],[121.4031068,25.0934787],[121.4031128,25.0935547],[121.4031073,25.0936281],[121.4030989,25.0936962],[121.4030904,25.0937486],[121.403082,25.0938168],[121.4030622,25.0939321],[121.4030425,25.0940501],[121.4030144,25.0942144],[121.4030032,25.0943009],[121.402989,25.0943612],[121.4029605,25.0944477],[121.4029492,25.0945054],[121.4029465,25.0945683],[121.402944,25.09466],[121.4029473,25.0947805],[121.4029504,25.0948644],[121.4029678,25.0948984],[121.4029909,25.0949088],[121.4030341,25.0949165],[121.4030946,25.094919],[121.4031694,25.0949083],[121.4032816,25.0948844],[121.4033824,25.0948815],[121.4034543,25.0948865],[121.4034947,25.0948943],[121.403599,25.0949296],[121.4037403,25.095013],[121.4038126,25.0950836],[121.4038876,25.0951515],[121.4039599,25.0952325],[121.4039919,25.0953293],[121.4039949,25.0953686],[121.4039951,25.0954263],[121.403978,25.0954814],[121.4039235,25.0955339],[121.4038631,25.0955629],[121.4038115,25.0956076],[121.4037512,25.0956785],[121.4036682,25.0958071],[121.4035871,25.0959218],[121.4035528,25.0959847],[121.40353,25.0960503],[121.4035301,25.0960949],[121.403536,25.0961341],[121.4035505,25.0961629],[121.4035593,25.0962101],[121.4035508,25.0962442],[121.4035422,25.0962677],[121.4035136,25.0963071],[121.4033873,25.0964228],[121.4031577,25.0966435],[121.4029448,25.0968422],[121.4027984,25.096971],[121.402632,25.097126],[121.4025344,25.0972259],[121.4023364,25.0974072],[121.4021402,25.0975665],[121.4019938,25.0977111],[121.4018417,25.0978582],[121.4017787,25.0979449],[121.401773,25.0979685],[121.4017731,25.0980104],[121.401779,25.0980497],[121.4017936,25.0980968],[121.4018197,25.0981544],[121.4018458,25.0982269],[121.4018249,25.0983077],[121.4018117,25.0984097],[121.4018085,25.0984592],[121.4018153,25.098487],[121.4018799,25.0984929],[121.40207,25.0984955],[121.402216,25.0985167],[121.4023206,25.0985574],[121.4024031,25.0986094],[121.4024808,25.0987023],[121.4025085,25.0987726],[121.4025238,25.0988656],[121.4025142,25.0989724],[121.4024873,25.0990556],[121.402413,25.099217],[121.4023684,25.0993102],[121.4022767,25.0994808],[121.4022048,25.0996036],[121.4021402,25.099706],[121.402093,25.0997697],[121.4020483,25.0998198],[121.4019364,25.0999404],[121.4018286,25.1000218],[121.4017067,25.1001357],[121.4016097,25.1002154],[121.4014183,25.1004453],[121.4012965,25.1005887],[121.4012295,25.1006684],[121.401179,25.1007565],[121.4011222,25.1009452],[121.4010879,25.1011178],[121.4010559,25.101236],[121.400989,25.1013929],[121.4009394,25.1014861],[121.4008401,25.1016181],[121.4008053,25.1016591],[121.4007979,25.1016863],[121.4008055,25.101734],[121.400843,25.1017566],[121.4008905,25.101761],[121.4009428,25.1017472],[121.4011269,25.10159],[121.4013035,25.1014169],[121.4013806,25.1013463],[121.4015522,25.1011892],[121.4016195,25.1011458],[121.4017455,25.1010998],[121.4018327,25.1010792],[121.4018926,25.1010835],[121.4019202,25.1011175],[121.4019554,25.1011924],[121.4019682,25.1012786],[121.4019661,25.1014217],[121.4019266,25.1015353],[121.4018795,25.1016263],[121.4018323,25.1016831],[121.401777,25.1017419],[121.4017074,25.1018193],[121.4016253,25.1018876],[121.4015906,25.101949],[121.4015783,25.1019899],[121.4015934,25.1020399],[121.4016234,25.1020693],[121.4016883,25.1020759],[121.4017607,25.1020734],[121.4018356,25.10208],[121.4018956,25.1021185],[121.4019266,25.1021689],[121.4019447,25.1023505],[121.4019478,25.1025253],[121.4019333,25.1026548],[121.4018989,25.1028115],[121.4018438,25.1029337],[121.4018041,25.1030042],[121.4017594,25.1030634],[121.4016723,25.1031477],[121.4016425,25.1031795],[121.4016301,25.1032],[121.4016228,25.1032409],[121.4016229,25.1032772],[121.401633,25.1033045],[121.4016655,25.1033225],[121.4016954,25.1033383],[121.4017653,25.1033427],[121.4018502,25.1033402],[121.4020298,25.1033419],[121.4021271,25.1033485],[121.4021995,25.1033551],[121.4022819,25.1033685],[121.4024294,25.1034407],[121.4024895,25.1035041],[121.4025265,25.1035776],[121.4025306,25.1037902],[121.4025036,25.103934],[121.4024425,25.1041217],[121.4023842,25.1042522],[121.4023229,25.1043931],[121.4022547,25.1045308],[121.4021727,25.1046592],[121.4020666,25.1047845],[121.4019295,25.1048818],[121.4018088,25.1049649],[121.4016374,25.1050623],[121.4014283,25.1051848],[121.4012604,25.1052884],[121.4010856,25.1054077],[121.40088,25.1055458],[121.4006289,25.1057186],[121.4004886,25.1058659],[121.4004101,25.1060037],[121.400277,25.1062478],[121.4002385,25.1063217],[121.4002386,25.1063498],[121.4002593,25.1063873],[121.4002903,25.1063934],[121.4003864,25.1063713],[121.400479,25.1063398],[121.4006506,25.1063018],[121.4008497,25.1062668],[121.4009424,25.1062572],[121.401176,25.1062659],[121.4013639,25.1062807],[121.4015116,25.1062708],[121.4017106,25.1062046],[121.401834,25.1061418],[121.401882,25.1061291],[121.4019508,25.1061383],[121.4019921,25.1061663],[121.4020541,25.1062349],[121.4020922,25.106313],[121.4021062,25.106391],[121.4020961,25.1064692],[121.402069,25.1065818],[121.4019734,25.1067477],[121.4018094,25.106992],[121.4017402,25.107091],[121.4017027,25.1071912],[121.4016893,25.1072756],[121.4017308,25.1073849],[121.4018275,25.1075409],[121.4018414,25.1075877],[121.4020959,25.1075256]]]}},{"type":"Feature","properties":{"li":"下福里"},"geometry":{"type":"Polygon","coordinates":[[[121.3180137,25.1240619],[121.3178775,25.1227682],[121.3178656,25.1226552],[121.3178537,25.122566],[121.3177586,25.1223875],[121.3175325,25.1220128],[121.3174076,25.1218165],[121.3173719,25.1217391],[121.3173541,25.1216677],[121.31736,25.1215845],[121.3174565,25.1211528],[121.312415,25.121608],[121.312356,25.120569],[121.315658,25.120542],[121.315999,25.119717],[121.315735,25.119672],[121.315793,25.118957],[121.316429,25.119005],[121.3168281,25.118418],[121.3167889,25.1183484],[121.3166819,25.1182175],[121.3166367,25.11812],[121.3165938,25.1180438],[121.3165367,25.1179867],[121.3164606,25.1179391],[121.3163559,25.1178582],[121.3162226,25.117744],[121.3160751,25.1175917],[121.3159323,25.1174537],[121.3158562,25.1173538],[121.3158229,25.1172919],[121.3157515,25.1171682],[121.3156991,25.1170064],[121.3156563,25.1168922],[121.3156373,25.1168113],[121.3156278,25.1167209],[121.3156182,25.1165924],[121.3156373,25.1164591],[121.3156754,25.1162783],[121.3156896,25.1161783],[121.3156867,25.1160386],[121.3156807,25.1159553],[121.3156867,25.1159017],[121.3157045,25.1158542],[121.3157759,25.1157649],[121.31599,25.1154853],[121.3161982,25.1152355],[121.3163827,25.1149797],[121.3164957,25.1147893],[121.3166147,25.1146228],[121.3167277,25.1144919],[121.3168467,25.1144027],[121.3169775,25.1143253],[121.3172869,25.1141707],[121.317614,25.1140041],[121.3178222,25.113897],[121.317965,25.1138138],[121.3181316,25.1136948],[121.3182446,25.1135937],[121.3183576,25.1134628],[121.3185599,25.113213],[121.3187217,25.1129417],[121.3188169,25.1127466],[121.3188978,25.1125372],[121.3189787,25.1122992],[121.3190215,25.1121232],[121.3190405,25.1120565],[121.3190691,25.1120185],[121.3191833,25.1118805],[121.3192975,25.1117091],[121.3193594,25.1115902],[121.3194022,25.1114617],[121.3194155,25.1113798],[121.3194498,25.1113113],[121.3194879,25.1112542],[121.3195183,25.1112237],[121.3195907,25.1111857],[121.3196706,25.111159],[121.319762,25.11114],[121.3198229,25.1111286],[121.3198572,25.1111095],[121.3199295,25.1110181],[121.3200095,25.1109154],[121.3200894,25.1108011],[121.320154,25.1106779],[121.3202151,25.1105613],[121.3202874,25.1103862],[121.3203255,25.1102758],[121.3203445,25.1101654],[121.3203483,25.1100321],[121.3203564,25.1093245],[121.3203421,25.1088819],[121.3203231,25.1087391],[121.3202898,25.1085916],[121.3201994,25.1084155],[121.3201375,25.1083156],[121.3200328,25.1082014],[121.3199186,25.1081205],[121.3198619,25.108084],[121.3197711,25.1080443],[121.3196568,25.1080158],[121.3194808,25.1079872],[121.3192714,25.1079396],[121.3191429,25.1079158],[121.3189906,25.1078587],[121.3188859,25.1078064],[121.318786,25.1077017],[121.3186878,25.1075976],[121.3184439,25.1072526],[121.3182952,25.1070682],[121.3185926,25.1067588],[121.3188068,25.1065149],[121.3188603,25.1064257],[121.3189139,25.1062532],[121.3189733,25.1059379],[121.320751,25.105839],[121.320537,25.104969],[121.320622,25.104605],[121.320349,25.103973],[121.320263,25.104377],[121.3184918,25.1045909],[121.3181953,25.1043568],[121.3179811,25.104195],[121.3178859,25.1041426],[121.317648,25.1040379],[121.3173053,25.1038952],[121.3171388,25.1038095],[121.3169294,25.103681],[121.3165534,25.1034383],[121.3157295,25.1029297],[121.3152953,25.1026918],[121.3158128,25.102555],[121.316134,25.1024598],[121.3165505,25.1023111],[121.3169669,25.1021445],[121.3176034,25.1019006],[121.3181269,25.1017043],[121.3184957,25.1015615],[121.3187217,25.1014485],[121.3188407,25.1013355],[121.3189002,25.101282],[121.3189716,25.1012403],[121.3192987,25.1010738],[121.3197627,25.1008596],[121.3200792,25.1007097],[121.3203362,25.1005384],[121.3205266,25.1004004],[121.320774,25.1002005],[121.3209596,25.1000768],[121.3210881,25.1000006],[121.3212261,25.099934],[121.3213641,25.0998864],[121.3214974,25.0998531],[121.3216306,25.0998246],[121.3217639,25.0997865],[121.3219257,25.0997199],[121.322097,25.0996104],[121.3221493,25.0995295],[121.3221779,25.0994486],[121.3221827,25.0993487],[121.3221541,25.0992535],[121.322097,25.0991488],[121.3218733,25.0988347],[121.3216503,25.098576],[121.3214599,25.0983023],[121.3214242,25.0982369],[121.3214064,25.0981952],[121.3214123,25.0980941],[121.3214183,25.0980049],[121.3214421,25.0978919],[121.3215134,25.0977194],[121.3216146,25.0975112],[121.3217573,25.0972673],[121.3219001,25.0970531],[121.3220369,25.0969044],[121.3221856,25.0967914],[121.3224474,25.0966486],[121.3226734,25.0965296],[121.3229709,25.0963631],[121.3231902,25.096233],[121.3233835,25.0961066],[121.3236066,25.0959207],[121.323684,25.0958562],[121.3237762,25.0957526],[121.323852,25.0956307],[121.3239264,25.0955637],[121.324023,25.0955043],[121.3243428,25.0953407],[121.3246402,25.0951622],[121.3250566,25.0949094],[121.3251756,25.0948202],[121.3253317,25.0946566],[121.325473,25.094493],[121.3255771,25.094322],[121.3256633,25.0941066],[121.3256916,25.0939918],[121.3256961,25.0938833],[121.3256738,25.0937941],[121.3256217,25.0937494],[121.3255771,25.0937271],[121.3254581,25.0936453],[121.3254061,25.0935933],[121.3253838,25.0935412],[121.3253585,25.0934803],[121.3253317,25.0933702],[121.3252931,25.093165],[121.3252752,25.0929568],[121.3252473,25.0924133],[121.3251758,25.0924665],[121.3250871,25.0925162],[121.3250225,25.0925489],[121.324948,25.0925712],[121.3248671,25.0925969],[121.3247989,25.092609],[121.3247194,25.0926186],[121.3246438,25.0926157],[121.3245192,25.0926054],[121.3243919,25.0926066],[121.3242999,25.0926047],[121.3241839,25.0926049],[121.3241146,25.0926112],[121.3240553,25.0926164],[121.323942,25.0926063],[121.3238135,25.092596],[121.3237316,25.0925964],[121.3236308,25.0925944],[121.3235527,25.0925961],[121.3234632,25.0925953],[121.3233624,25.0925944],[121.3232212,25.0926001],[121.3231418,25.0925971],[121.323036,25.0925917],[121.3229603,25.0926002],[121.3228192,25.0926001],[121.3226831,25.0925909],[121.3226112,25.0926029],[121.3224852,25.0926042],[121.3223956,25.092608],[121.3222433,25.0925975],[121.3221299,25.0925943],[121.3220467,25.0925878],[121.3219384,25.0925834],[121.3218439,25.0925838],[121.321738,25.092584],[121.3215717,25.0925837],[121.3213499,25.0925796],[121.3212818,25.0925893],[121.3211796,25.0925964],[121.3210498,25.0925988],[121.3209451,25.0926082],[121.3208478,25.0926349],[121.3207632,25.0926571],[121.3206988,25.0926703],[121.3205939,25.0926947],[121.3205269,25.0927159],[121.3204309,25.0927437],[121.3203499,25.0927786],[121.320274,25.0928089],[121.3201955,25.0928472],[121.3201348,25.0928708],[121.3200563,25.0929137],[121.3199702,25.0929577],[121.3198638,25.0930107],[121.3197979,25.0930468],[121.3197004,25.0930987],[121.3195688,25.0931584],[121.3195017,25.093183],[121.3194702,25.0931839],[121.3193649,25.0931268],[121.3193425,25.0930957],[121.3192925,25.0930563],[121.3192489,25.0930043],[121.3191687,25.0929543],[121.3190479,25.092936],[121.318918,25.0929418],[121.3188259,25.0929548],[121.3187238,25.0929573],[121.3186165,25.0929725],[121.318556,25.092972],[121.3184955,25.0929749],[121.318329,25.0929941],[121.3182394,25.0930083],[121.3181825,25.0930261],[121.3181142,25.0930485],[121.3180447,25.0930731],[121.3179536,25.0931125],[121.3178082,25.0931628],[121.3176956,25.0932077],[121.3176461,25.0932394],[121.3176144,25.0932609],[121.317551,25.093304],[121.3175053,25.0933426],[121.3174125,25.0934186],[121.3173562,25.0935099],[121.3173278,25.0935819],[121.3173047,25.093631],[121.3172914,25.0937008],[121.3172618,25.0937625],[121.3172232,25.0938482],[121.3171734,25.09392],[121.3171137,25.0939642],[121.3170568,25.0939878],[121.3169444,25.0940086],[121.3168485,25.0940227],[121.3167387,25.0940356],[121.3165999,25.0940596],[121.3164472,25.0940755],[121.3163892,25.0940773],[121.3163072,25.0940938],[121.3162441,25.0940967],[121.3161306,25.0941083],[121.3159917,25.0941381],[121.3158755,25.0941681],[121.3158021,25.0941927],[121.3157364,25.0942116],[121.3156693,25.0942454],[121.3156249,25.0942726],[121.315578,25.0943089],[121.3155005,25.0943713],[121.3154495,25.0944305],[121.3153921,25.0945045],[121.3153118,25.0946036],[121.3152318,25.094666],[121.315171,25.0946976],[121.3151204,25.0947167],[121.3150371,25.0947251],[121.3149514,25.094729],[121.3148391,25.094736],[121.3147521,25.0947445],[121.31465,25.0947424],[121.3145682,25.0947349],[121.3144649,25.0947328],[121.3143575,25.0947571],[121.3142614,25.0947953],[121.3141576,25.0948414],[121.314107,25.0948616],[121.3140323,25.094892],[121.313945,25.0949314],[121.3139031,25.0949654],[121.3138345,25.0950233],[121.3137824,25.0950676],[121.3137086,25.095138],[121.3136349,25.0951993],[121.3135282,25.0952867],[121.313452,25.095348],[121.3134013,25.0953785],[121.3133418,25.0954067],[121.313271,25.0954393],[121.3131875,25.0954661],[121.3131066,25.0954953],[121.313032,25.0955153],[121.3129536,25.0955421],[121.3128981,25.095552],[121.3128527,25.0955504],[121.3127468,25.0955564],[121.3126876,25.0955559],[121.3125918,25.0955608],[121.3124316,25.0955743],[121.3123495,25.0955862],[121.3122762,25.0956074],[121.3121737,25.0956593],[121.3121029,25.0956805],[121.3119298,25.0957214],[121.3118035,25.0957536],[121.3117188,25.0957781],[121.3116277,25.0958129],[121.3115557,25.0958397],[121.3114379,25.0958949],[121.3113442,25.0959434],[121.3112935,25.0959694],[121.3112389,25.0960182],[121.3111994,25.0960615],[121.3111524,25.0960989],[121.3111017,25.0961317],[121.3110152,25.0962113],[121.3109581,25.0962555],[121.310906,25.0963021],[121.3108349,25.0963553],[121.3107916,25.0963997],[121.3107396,25.0964325],[121.3106901,25.0964665],[121.3106559,25.0964891],[121.3105875,25.096523],[121.3105167,25.0965453],[121.3104473,25.096555],[121.3103843,25.096551],[121.3103328,25.0965345],[121.3102889,25.0965192],[121.3102198,25.0964934],[121.3101658,25.0964734],[121.3101408,25.0964549],[121.3100643,25.0964152],[121.3100066,25.0963803],[121.3099188,25.0963348],[121.3098536,25.0963079],[121.3097782,25.0962809],[121.3097128,25.0962666],[121.3096612,25.0962615],[121.3095568,25.0962366],[121.3094901,25.0962245],[121.3093616,25.0962165],[121.3092986,25.0962229],[121.3092493,25.0962316],[121.3091608,25.0962595],[121.3090862,25.0962852],[121.3089937,25.0963395],[121.3089291,25.0963768],[121.3088366,25.0964276],[121.308767,25.0964557],[121.3087226,25.0964874],[121.3086707,25.0965076],[121.308586,25.0965413],[121.308433,25.0965927],[121.308404,25.096597],[121.3083416,25.0966132],[121.3082872,25.096622],[121.3082375,25.0966236],[121.3081808,25.0966258],[121.3080838,25.0966256],[121.3079867,25.0966414],[121.3077887,25.0966558],[121.3076727,25.0966705],[121.307587,25.0966886],[121.307505,25.0967022],[121.3074079,25.0967088],[121.3073058,25.0967269],[121.3071759,25.0967542],[121.3070737,25.0967631],[121.306988,25.0967663],[121.3068784,25.0967661],[121.306799,25.0967533],[121.3066931,25.096745],[121.3065054,25.0967261],[121.3064058,25.0967121],[121.3062925,25.0966935],[121.3061803,25.096684],[121.3059938,25.0966859],[121.3058702,25.0966936],[121.3057958,25.0967015],[121.3057264,25.0967219],[121.3056721,25.0967562],[121.3056091,25.0967572],[121.3054931,25.096765],[121.3053419,25.0967462],[121.3052525,25.0967311],[121.3051933,25.0966988],[121.3051078,25.0966458],[121.3050449,25.0966021],[121.3049983,25.0965733],[121.3048751,25.0964961],[121.3047694,25.0964316],[121.3047014,25.0964039],[121.3046271,25.0963785],[121.3045754,25.0963703],[121.3045124,25.0963633],[121.3044734,25.0963632],[121.3043624,25.0963813],[121.304288,25.0964006],[121.3041732,25.0964382],[121.3040911,25.0964701],[121.3040394,25.0964929],[121.3039473,25.0965134],[121.3038312,25.0965601],[121.3037391,25.0965909],[121.3036331,25.0966273],[121.3035486,25.0966581],[121.3034817,25.0966832],[121.3033934,25.0967128],[121.3033354,25.0967138],[121.3031564,25.0967076],[121.30285,25.0967631],[121.3027856,25.0967905],[121.3026833,25.0968487],[121.3026138,25.0969105],[121.3025821,25.0969712],[121.3025404,25.0970205],[121.3024809,25.0971052],[121.3024429,25.0971568],[121.3024075,25.0971945],[121.3023481,25.0972495],[121.3022154,25.0973616],[121.302142,25.0974417],[121.302125,25.0974585],[121.3020984,25.0974849],[121.302075,25.0975081],[121.302003,25.0975756],[121.3019359,25.0976489],[121.3018461,25.0977485],[121.3017854,25.0978172],[121.3017361,25.097871],[121.301683,25.0979305],[121.3016173,25.0979946],[121.301607,25.0980324],[121.30155,25.0981286],[121.3015104,25.0981882],[121.3014351,25.0983516],[121.3013925,25.0984781],[121.301399,25.098593],[121.3014093,25.0986734],[121.3014107,25.0987596],[121.301416,25.0988756],[121.30141,25.0990618],[121.3013988,25.0991227],[121.3013826,25.0992239],[121.3013714,25.0993066],[121.301324,25.0995824],[121.3012629,25.0999157],[121.301247,25.1001628],[121.3012458,25.1002306],[121.3012649,25.1003076],[121.3012827,25.1003915],[121.3013295,25.1004627],[121.3014471,25.1006763],[121.3015205,25.1008451],[121.3015282,25.1009026],[121.3015371,25.1009658],[121.3015008,25.1010784],[121.3014381,25.1012497],[121.3013728,25.1013808],[121.3012937,25.1015486],[121.3012234,25.1016739],[121.3011353,25.1017786],[121.3009464,25.1018765],[121.3008267,25.101903],[121.3007184,25.101933],[121.3005924,25.1019768],[121.3004589,25.1020172],[121.3003783,25.1020575],[121.3003166,25.1020771],[121.3002221,25.1021151],[121.300105,25.1021945],[121.3000636,25.1022657],[121.3000461,25.1023612],[121.30004,25.1024738],[121.300054,25.1025462],[121.3000567,25.1026208],[121.3000455,25.1027266],[121.3000144,25.1029277],[121.2999806,25.1030748],[121.299908,25.1033392],[121.2998441,25.1035024],[121.2998051,25.1035415],[121.2997409,25.1035979],[121.2996591,25.1036807],[121.2995408,25.1037647],[121.2993821,25.1038706],[121.2992172,25.1039857],[121.2991593,25.1040271],[121.2990536,25.1040904],[121.2989075,25.1041687],[121.2987539,25.1042654],[121.2984026,25.1044473],[121.2983056,25.1044922],[121.2981708,25.1045211],[121.298075,25.1045269],[121.2979665,25.1045075],[121.2977559,25.1044284],[121.2976322,25.1043527],[121.2975325,25.1042747],[121.29741,25.1041737],[121.2973153,25.1040876],[121.2972345,25.1040153],[121.2971247,25.1039303],[121.2970755,25.1038902],[121.2969366,25.1037972],[121.2968319,25.1037284],[121.2964572,25.1035541],[121.2961771,25.103413],[121.2959399,25.1032823],[121.2958717,25.1032375],[121.2958086,25.1031801],[121.2956483,25.1030792],[121.295502,25.1030173],[121.2953948,25.102999],[121.2951982,25.1030015],[121.2950633,25.1030143],[121.2949525,25.1030316],[121.2947281,25.1030445],[121.2945441,25.1030642],[121.294413,25.1030701],[121.2942542,25.103068],[121.2941068,25.1030739],[121.294021,25.1030671],[121.2939,25.1030488],[121.2938243,25.1030247],[121.2936389,25.1029514],[121.29349,25.1028711],[121.2934345,25.1028332],[121.2933549,25.1027667],[121.2932691,25.1027127],[121.2931379,25.1026347],[121.2929676,25.1025706],[121.2927912,25.1025857],[121.2927193,25.1025857],[121.2924849,25.1025779],[121.2923362,25.1025827],[121.2921773,25.1025863],[121.2920942,25.102599],[121.2919543,25.1026049],[121.2919079,25.102608],[121.2919036,25.1026083],[121.2917451,25.1026189],[121.2916203,25.1026386],[121.29157,25.1027294],[121.2915148,25.1028248],[121.2914595,25.1029513],[121.2914031,25.1031329],[121.2913844,25.1032064],[121.2913568,25.103311],[121.2913406,25.1034064],[121.2912917,25.1035743],[121.2912567,25.1036903],[121.2912178,25.1037915],[121.291194,25.1038961],[121.2911677,25.1039892],[121.2910621,25.1041559],[121.2909327,25.1043916],[121.2908235,25.1046227],[121.2907745,25.104717],[121.2907193,25.1048595],[121.2906793,25.1050469],[121.2906518,25.1051733],[121.2906407,25.105333],[121.290632,25.105402],[121.2906321,25.1054606],[121.2906209,25.1055181],[121.2906035,25.1056353],[121.2905648,25.1058513],[121.2905197,25.106049],[121.2904684,25.1062559],[121.2904083,25.1064858],[121.290382,25.1065663],[121.2903282,25.1067548],[121.2902879,25.1068226],[121.2902464,25.1068594],[121.2901822,25.1068894],[121.2901078,25.1069067],[121.2900436,25.1069148],[121.2899389,25.1069],[121.289712,25.106868],[121.289538,25.1068567],[121.289446,25.1068602],[121.2893628,25.1068752],[121.2890075,25.1069434],[121.2888953,25.1069469],[121.2888146,25.1069436],[121.2886709,25.1069598],[121.2885764,25.1069449],[121.2883797,25.1069198],[121.2882901,25.1069015],[121.2881766,25.1068706],[121.2880984,25.1068454],[121.2879194,25.1067962],[121.2877352,25.1067538],[121.2876609,25.1067516],[121.2875474,25.1067506],[121.2874542,25.1067622],[121.2873105,25.1067784],[121.2871454,25.1068165],[121.2870749,25.1068522],[121.2869641,25.1068982],[121.286896,25.1069293],[121.2868016,25.1069903],[121.2867311,25.1070375],[121.2866468,25.1071146],[121.2865449,25.1072181],[121.286453,25.1073089],[121.2863649,25.1073975],[121.2862919,25.107455],[121.2862429,25.107539],[121.2861926,25.107585],[121.2860844,25.1077069],[121.2859548,25.1078483],[121.2859007,25.1079128],[121.285829,25.1080105],[121.2857875,25.1080484],[121.2856831,25.1081738],[121.2856114,25.1082451],[121.2855522,25.108321],[121.2854403,25.1084314],[121.285298,25.1085338],[121.2852036,25.108596],[121.2851041,25.1086466],[121.2849365,25.1087226],[121.2848232,25.1087721],[121.2846531,25.1088045],[121.2843027,25.1088588],[121.2842435,25.1088773],[121.28412,25.108905],[121.2838555,25.1089891],[121.2835884,25.1090778],[121.2833982,25.1091435],[121.2833175,25.1091781],[121.2832673,25.1092091],[121.2832123,25.1092325],[121.2831679,25.1092378],[121.2830832,25.1092728],[121.2829477,25.1093626],[121.2828727,25.1094482],[121.2828014,25.1095464],[121.2827517,25.1096333],[121.2827475,25.1096895],[121.2827091,25.1097661],[121.2826896,25.1098474],[121.2826915,25.1099358],[121.2826881,25.110063],[121.2827179,25.1101229],[121.2827641,25.1101771],[121.2828318,25.1102268],[121.2829422,25.1103055],[121.2830521,25.1104392],[121.2831082,25.1105325],[121.2831242,25.1105785],[121.283154,25.1106406],[121.2831749,25.110721],[121.2831756,25.110791],[121.283141,25.1108814],[121.2831141,25.1109294],[121.2830758,25.1110072],[121.2830766,25.1110646],[121.2830838,25.1111197],[121.2831726,25.1112154],[121.2832171,25.1113008],[121.2832773,25.1113798],[121.2834276,25.1115738],[121.2835211,25.1117059],[121.2835704,25.1117656],[121.2836778,25.111939],[121.2837486,25.1120481],[121.2838004,25.1121228],[121.283841,25.1122353],[121.2839056,25.1124444],[121.2839199,25.112657],[121.2839252,25.112819],[121.2838978,25.1130109],[121.2838791,25.1131523],[121.2838478,25.113258],[121.2838303,25.113312],[121.2837573,25.1134098],[121.2837209,25.1134742],[121.2836216,25.1136558],[121.2835651,25.1137984],[121.283583,25.1139259],[121.2836122,25.1140327],[121.28364,25.1140994],[121.2836995,25.114205],[121.2837891,25.1143015],[121.2838258,25.1143566],[121.2838347,25.1144152],[121.2838272,25.1144669],[121.2838135,25.1145255],[121.2837873,25.1146864],[121.2837535,25.1148565],[121.2837537,25.1149496],[121.2837489,25.1150645],[121.2837364,25.1151576],[121.283724,25.1152564],[121.2837117,25.1154483],[121.283703,25.1155127],[121.283683,25.1156069],[121.2836592,25.1156725],[121.2835926,25.1158081],[121.2835399,25.1159713],[121.2835224,25.1160323],[121.2835238,25.1161311],[121.2835227,25.1162092],[121.2835407,25.1163827],[121.2835788,25.1165436],[121.2835889,25.1165895],[121.2836181,25.1166849],[121.2836207,25.1167538],[121.2836122,25.1169009],[121.2836086,25.1170445],[121.2835911,25.1171193],[121.2835698,25.1172181],[121.2835642,25.1172481],[121.2835622,25.1172586],[121.2835549,25.1172974],[121.2835298,25.1174077],[121.283481,25.1175698],[121.2834408,25.1176893],[121.2833969,25.1177848],[121.2833873,25.117809],[121.2842807,25.1178553],[121.2862195,25.1178784],[121.2876706,25.1178988],[121.2894525,25.1181862],[121.2913492,25.118574],[121.2925984,25.1190981],[121.2937779,25.1198735],[121.2943746,25.1202952],[121.294911,25.1208203],[121.2950402,25.1216026],[121.2950465,25.1216096],[121.2950748,25.1216408],[121.2949981,25.1216771],[121.2949577,25.1217071],[121.2949737,25.1217502],[121.2949655,25.1217598],[121.2947615,25.1219971],[121.2947424,25.1220192],[121.2947105,25.1221021],[121.2947048,25.1221171],[121.2947394,25.1221335],[121.2948718,25.1221943],[121.2949764,25.1222125],[121.2951176,25.1221814],[121.295362,25.1220903],[121.2954456,25.1220502],[121.2955269,25.1221399],[121.2961794,25.1228336],[121.2967965,25.1226576],[121.2968467,25.1226433],[121.2968407,25.1226957],[121.296832,25.1227634],[121.2967856,25.1229082],[121.296758,25.1230152],[121.2965918,25.1230613],[121.296467,25.1231039],[121.2964755,25.1231396],[121.2964824,25.1231685],[121.2966463,25.1231361],[121.2967273,25.1231151],[121.2967585,25.123107],[121.2967502,25.1231912],[121.2966932,25.1232075],[121.2966902,25.1232084],[121.2966899,25.1232098],[121.2966702,25.1232901],[121.2966338,25.1234302],[121.2966151,25.123553],[121.296575,25.1237802],[121.2965387,25.1239926],[121.2965075,25.1242222],[121.2964674,25.124438],[121.2964374,25.1245976],[121.2964463,25.1246963],[121.2964806,25.1249051],[121.2965009,25.1249819],[121.2965085,25.1250577],[121.2964784,25.1251335],[121.2964784,25.125192],[121.2964974,25.1252689],[121.2965114,25.1253297],[121.2965065,25.1254307],[121.2965253,25.1254657],[121.2965284,25.1254784],[121.2965826,25.1254961],[121.2966467,25.1254802],[121.2966909,25.1254462],[121.296722,25.1253604],[121.296762,25.1244778],[121.2967129,25.1241507],[121.2967935,25.1236517],[121.2967929,25.1233809],[121.2971329,25.1227798],[121.2972396,25.1226871],[121.2976601,25.1226569],[121.2973719,25.1233007],[121.2972522,25.1232716],[121.2972146,25.1233574],[121.2975486,25.1234832],[121.29758,25.1233793],[121.2974981,25.1233456],[121.297523,25.1232711],[121.2976176,25.1232889],[121.2976818,25.1231782],[121.2977048,25.1229502],[121.2977863,25.122686],[121.2981453,25.1227823],[121.298103,25.122972],[121.2981899,25.1230011],[121.2982651,25.1228227],[121.2983091,25.1228406],[121.298543,25.1231945],[121.2981395,25.1240598],[121.2975977,25.1246635],[121.2974346,25.1248918],[121.2972605,25.1251833],[121.2971493,25.1254566],[121.2971259,25.125635],[121.2970629,25.1257502],[121.2969813,25.1258181],[121.2966666,25.1258932],[121.2966389,25.1259304],[121.2966486,25.1259702],[121.2966244,25.1259907],[121.2966105,25.1260136],[121.2966371,25.1261238],[121.2966578,25.126136],[121.2967128,25.1261685],[121.2967481,25.1261685],[121.2968905,25.1261385],[121.297116,25.1260636],[121.2973126,25.1259842],[121.2974864,25.125898],[121.2976992,25.1257463],[121.2978729,25.1256083],[121.2980114,25.125474],[121.2981801,25.1252787],[121.2983109,25.1250823],[121.2984871,25.124786],[121.2985964,25.1245678],[121.298663,25.1244048],[121.2987561,25.1242337],[121.2987719,25.1241954],[121.2989623,25.1243202],[121.2999747,25.1248826],[121.300632,25.1252122],[121.301528,25.1250034],[121.30288,25.1244797],[121.3041156,25.1241681],[121.3041516,25.124159],[121.3041696,25.124352],[121.3042028,25.1246619],[121.3042525,25.1250371],[121.3042729,25.1252472],[121.3042946,25.1254445],[121.304311,25.1255088],[121.3043566,25.1256568],[121.3043896,25.1257715],[121.3044366,25.1258663],[121.3044414,25.1258759],[121.3044754,25.1259188],[121.3044906,25.1259378],[121.3045625,25.1259951],[121.3046502,25.126049],[121.304652,25.1260501],[121.3046528,25.1260504],[121.304737,25.1260838],[121.3047732,25.1260982],[121.3048576,25.1261061],[121.3049446,25.1261083],[121.3052168,25.1260943],[121.3057637,25.1260627],[121.3060914,25.1260474],[121.3071199,25.1259947],[121.3078042,25.1259584],[121.3081382,25.1259373],[121.3082583,25.1259401],[121.308322,25.1259241],[121.3089118,25.125911],[121.3094462,25.1258958],[121.3095193,25.1258946],[121.3096478,25.1258566],[121.3096856,25.1258337],[121.3097424,25.1258084],[121.3098028,25.125767],[121.3098809,25.1256958],[121.309926,25.1256516],[121.3099325,25.1256453],[121.3099589,25.1256028],[121.3099815,25.125535],[121.3100015,25.1253953],[121.3100053,25.1253686],[121.3100329,25.1251849],[121.3100641,25.1249541],[121.3100967,25.1247325],[121.3101418,25.1243996],[121.3101762,25.1241426],[121.3101881,25.1240541],[121.3102295,25.1237448],[121.3102334,25.1237452],[121.3103806,25.1237585],[121.3134631,25.1234549],[121.3164784,25.1241076],[121.3176417,25.1241216],[121.3180137,25.1240619]]]}},{"type":"Feature","properties":{"li":"文湖里"},"geometry":{"type":"Polygon","coordinates":[[[121.372696,25.078115],[121.3739,25.079536],[121.3756721,25.0819392],[121.378094,25.080535],[121.3796976,25.0824478],[121.3809167,25.0818308],[121.3828575,25.080827],[121.3849365,25.0797413],[121.3854777,25.0794707],[121.3852706,25.0790594],[121.3850659,25.0787263],[121.3850136,25.0786121],[121.384966,25.0784979],[121.3847851,25.0780077],[121.3846519,25.0776413],[121.3839761,25.0776413],[121.3836452,25.0776138],[121.3834574,25.0775842],[121.3831957,25.0775175],[121.3830148,25.0774557],[121.3826728,25.0773397],[121.382066,25.0771255],[121.3811796,25.07684],[121.3810012,25.0767983],[121.3804301,25.0771612],[121.3799007,25.0765604],[121.3795378,25.0761737],[121.3792463,25.0758466],[121.3786966,25.0753778],[121.3782731,25.0750066],[121.3777163,25.0745355],[121.3775876,25.0744249],[121.3774139,25.0746111],[121.3773425,25.074673],[121.3767373,25.0751875],[121.3754942,25.0760805],[121.3745301,25.0767759],[121.3745268,25.0767783],[121.373924,25.0772131],[121.372696,25.078115]]]}},{"type":"Feature","properties":{"li":"力行里"},"geometry":{"type":"Polygon","coordinates":[[[121.372696,25.078115],[121.373924,25.0772131],[121.3745268,25.0767783],[121.3745301,25.0767759],[121.3736513,25.0759906],[121.3729613,25.075366],[121.3723307,25.0748008],[121.3718608,25.0743904],[121.3712837,25.0739145],[121.3706413,25.0733494],[121.3699631,25.0727902],[121.3692278,25.0721739],[121.3688516,25.0718327],[121.368525,25.072197],[121.367634,25.073013],[121.367102,25.073511],[121.365089,25.075046],[121.3640538,25.0759436],[121.3653506,25.0772523],[121.3660585,25.077978],[121.3677123,25.0796317],[121.3689778,25.0808802],[121.3698937,25.0801732],[121.372696,25.078115]]]}},{"type":"Feature","properties":{"li":"麗園里"},"geometry":{"type":"Polygon","coordinates":[[[121.3758794,25.0723582],[121.3760871,25.0721051],[121.37639,25.0716887],[121.3765465,25.0713873],[121.3767808,25.0708421],[121.37682,25.0706669],[121.3768557,25.0705539],[121.376933,25.0700304],[121.3769806,25.0696854],[121.377052,25.06915],[121.3771449,25.0683433],[121.3773998,25.0659716],[121.3772982,25.0659933],[121.3770951,25.0660276],[121.3768692,25.0660687],[121.3766825,25.0660916],[121.3765387,25.0660999],[121.3764641,25.0660994],[121.3764467,25.0660993],[121.3763156,25.0661088],[121.3762526,25.0661073],[121.3761441,25.0661158],[121.3759677,25.0661102],[121.3758883,25.0661074],[121.3757447,25.066095],[121.3756603,25.0660876],[121.375562,25.0660824],[121.3753642,25.0660651],[121.3752671,25.0660668],[121.3751677,25.0660513],[121.3750757,25.0660416],[121.3749964,25.0660285],[121.3747659,25.0659972],[121.3746601,25.0659885],[121.3745429,25.0659809],[121.3744408,25.0659803],[121.3741562,25.0659395],[121.3740529,25.0659297],[121.373966,25.0659142],[121.3738388,25.0658974],[121.3735718,25.0658636],[121.3734497,25.065848],[121.3733703,25.0658452],[121.3732192,25.0658247],[121.3729559,25.065791],[121.3728652,25.0657847],[121.3727242,25.065762],[121.3725869,25.0657416],[121.3723804,25.0657174],[121.3722935,25.0657008],[121.3721814,25.0656852],[121.3720542,25.0656798],[121.3718174,25.065652],[121.3717443,25.0656527],[121.3716183,25.0656324],[121.3714948,25.0656316],[121.3712291,25.065599],[121.3711359,25.0655778],[121.3710188,25.0655656],[121.3708601,25.0655417],[121.3706675,25.0655118],[121.3704143,25.0654758],[121.370223,25.0654436],[121.3700403,25.0654241],[121.3698816,25.0654071],[121.3697733,25.0653892],[121.3696397,25.0653838],[121.3694697,25.065369],[121.3692896,25.0653495],[121.369107,25.0653208],[121.368782,25.0652832],[121.3686548,25.0652698],[121.3685963,25.0652639],[121.36858,25.0652623],[121.3685651,25.0659967],[121.3685794,25.0662394],[121.3686132,25.066449],[121.3686667,25.0667048],[121.3687262,25.0669427],[121.3688273,25.0671925],[121.3689523,25.0674424],[121.3691248,25.0677339],[121.3692497,25.0679004],[121.3693802,25.0680424],[121.3696007,25.0682514],[121.36991,25.068531],[121.3702253,25.0687927],[121.3706417,25.0691259],[121.3712356,25.0695882],[121.3713899,25.0697083],[121.3719625,25.0701396],[121.3728623,25.0708237],[121.3751934,25.0725897],[121.375434,25.072771],[121.3754789,25.0728048],[121.3758794,25.0723582]]]}},{"type":"Feature","properties":{"li":"頭湖里"},"geometry":{"type":"Polygon","coordinates":[[[121.3777514,25.0889996],[121.377266,25.088211],[121.376279,25.086734],[121.375657,25.085796],[121.373627,25.083238],[121.375612,25.081974],[121.3756721,25.0819392],[121.3739,25.079536],[121.372696,25.078115],[121.3698937,25.0801732],[121.3689778,25.0808802],[121.3677123,25.0796317],[121.3660585,25.077978],[121.3653506,25.0772523],[121.3640538,25.0759436],[121.3636195,25.076241],[121.3637088,25.0763719],[121.3637532,25.0764645],[121.3637674,25.0764604],[121.3638625,25.0764485],[121.363928,25.0764544],[121.3639756,25.0764723],[121.3640172,25.0765258],[121.3640529,25.0766567],[121.3640469,25.0768292],[121.3640291,25.0769065],[121.3639934,25.0770552],[121.3639042,25.077311],[121.3638744,25.0774419],[121.3638744,25.0775192],[121.3638923,25.0775847],[121.3639339,25.0776917],[121.3639815,25.0777631],[121.3640588,25.0778702],[121.3642076,25.078007],[121.3643087,25.0781022],[121.3644753,25.0782093],[121.3646775,25.0783758],[121.3647727,25.0784472],[121.364856,25.0785483],[121.3648946,25.0786524],[121.3648994,25.0787381],[121.3648804,25.078838],[121.3648518,25.0789237],[121.3648233,25.0790474],[121.3648185,25.0791426],[121.364828,25.0792045],[121.3648471,25.0792568],[121.3648804,25.0793092],[121.3649422,25.0793615],[121.3649946,25.0793948],[121.3650469,25.0794139],[121.3651278,25.0794377],[121.3652183,25.0794424],[121.3653277,25.0794377],[121.365361,25.0794329],[121.3653753,25.079452],[121.3653753,25.0794853],[121.3652611,25.0797042],[121.3651849,25.0798422],[121.3651564,25.0799088],[121.3651469,25.079985],[121.3651564,25.0800659],[121.3651802,25.0801182],[121.3652183,25.0801563],[121.3652697,25.080192],[121.3653325,25.0802277],[121.3654253,25.0802633],[121.3656842,25.0803243],[121.3659202,25.0803547],[121.366259,25.0803776],[121.366556,25.0803928],[121.3667806,25.0804042],[121.3669177,25.0804233],[121.36699,25.0804423],[121.3671004,25.0804842],[121.3671652,25.0805184],[121.3672185,25.0805603],[121.3672603,25.0806022],[121.367306,25.0806669],[121.3673251,25.0807164],[121.3673289,25.0807849],[121.3673161,25.080882],[121.3672984,25.0809372],[121.3672489,25.0810172],[121.3671766,25.0810781],[121.3671195,25.0811123],[121.3669462,25.0811637],[121.3667083,25.0811971],[121.3663514,25.0812542],[121.3660278,25.0813255],[121.3658231,25.0814064],[121.3657042,25.0814636],[121.3655804,25.0815492],[121.3654662,25.0816444],[121.3653425,25.0817967],[121.365214,25.0819918],[121.3649903,25.082363],[121.3648475,25.0826343],[121.3647143,25.0829103],[121.3646072,25.0831554],[121.3645239,25.0832743],[121.3644347,25.0833814],[121.3642146,25.0835896],[121.3640599,25.0837086],[121.3637506,25.0839287],[121.3635543,25.0840655],[121.3631557,25.0843094],[121.3629178,25.0844403],[121.3625311,25.0846544],[121.3621385,25.0848567],[121.3618589,25.0850173],[121.3616507,25.0851601],[121.3614247,25.0853207],[121.3613116,25.0854218],[121.3612105,25.0855229],[121.3610915,25.0855765],[121.3609428,25.0856597],[121.360687,25.0858442],[121.3605086,25.0859691],[121.3604491,25.0860345],[121.3604253,25.0861118],[121.3604312,25.0862487],[121.3604394,25.0863369],[121.360461,25.0864331],[121.3605026,25.0865223],[121.3605681,25.0866056],[121.3606454,25.0866651],[121.3607287,25.0867127],[121.3608774,25.0867484],[121.3610558,25.086784],[121.361389,25.0868078],[121.3615615,25.0868019],[121.3616946,25.0867831],[121.3618113,25.0867603],[121.3619303,25.0867008],[121.3620374,25.0866056],[121.3621385,25.0864866],[121.3622277,25.0862903],[121.3624003,25.0858263],[121.3624738,25.0856647],[121.3625631,25.0855279],[121.3626144,25.0854634],[121.3626917,25.0854218],[121.3627929,25.085398],[121.3628851,25.0854129],[121.3629184,25.0854319],[121.3629612,25.0854652],[121.3630183,25.0855271],[121.3630469,25.0855747],[121.3630707,25.0856651],[121.3630849,25.0857888],[121.363104,25.085865],[121.3631325,25.0859221],[121.3631801,25.0859744],[121.3632293,25.0859979],[121.3632769,25.0860157],[121.3633372,25.0860173],[121.3634375,25.0860157],[121.3635656,25.0860268],[121.3636576,25.0860455],[121.3637036,25.0860744],[121.3637702,25.0861077],[121.3638036,25.0861505],[121.3638226,25.0861791],[121.3638369,25.0862314],[121.3638416,25.0862695],[121.3638321,25.0863409],[121.363775,25.0864408],[121.3635989,25.0866692],[121.3635942,25.0866835],[121.3635942,25.0867168],[121.3636037,25.0867597],[121.3636275,25.0867882],[121.3636846,25.0868072],[121.3640367,25.0868263],[121.3644222,25.0868453],[121.3646982,25.0868215],[121.3653169,25.0867454],[121.36575,25.086674],[121.3660593,25.0866169],[121.3662497,25.0865645],[121.3663353,25.0865217],[121.3663782,25.0864884],[121.36644,25.0864218],[121.3664733,25.0863647],[121.3664924,25.0862933],[121.3665114,25.0861505],[121.3665495,25.0857746],[121.3665638,25.0857365],[121.3665971,25.0857032],[121.3666304,25.0856841],[121.3666637,25.0856841],[121.3667018,25.0856937],[121.3667684,25.0857317],[121.3669849,25.0859245],[121.3672288,25.0861684],[121.3672764,25.0862397],[121.3672923,25.086325],[121.3672883,25.0863944],[121.3672288,25.0865372],[121.3670742,25.0867513],[121.3667886,25.0870428],[121.3664376,25.0873165],[121.3660391,25.087602],[121.3655334,25.0878756],[121.3647958,25.0882563],[121.3642872,25.0884913],[121.3639683,25.0886674],[121.3639398,25.0886959],[121.3639255,25.0887293],[121.3639207,25.0887673],[121.3639255,25.0887959],[121.3639398,25.0888387],[121.3639636,25.0888768],[121.3640016,25.0889244],[121.3640778,25.0890196],[121.3641587,25.0890814],[121.3643443,25.0892385],[121.3645061,25.089367],[121.3646346,25.0894526],[121.3648107,25.0895764],[121.3651914,25.0898238],[121.3652961,25.0898857],[121.3653675,25.0899],[121.3654246,25.0899047],[121.3654817,25.0899047],[121.3655721,25.0898714],[121.365672,25.0898333],[121.3657006,25.0898238],[121.3657387,25.0898333],[121.3659385,25.0899761],[121.3660194,25.0900522],[121.3660623,25.0901141],[121.3660847,25.0901738],[121.3660861,25.0902236],[121.3660528,25.0902997],[121.3659766,25.0903568],[121.3658386,25.0904187],[121.3656623,25.0904594],[121.3654958,25.0904772],[121.3653389,25.0904758],[121.3649749,25.0904353],[121.3642134,25.0903223],[121.3634639,25.0901736],[121.3630951,25.0901082],[121.362869,25.0900963],[121.3627441,25.0901022],[121.3626489,25.090132],[121.3625478,25.0901914],[121.3624824,25.0902212],[121.3623574,25.090245],[121.3621492,25.0902509],[121.361941,25.0902271],[121.3616257,25.0901736],[121.3611915,25.0900546],[121.3609357,25.0899892],[121.3607844,25.0899775],[121.3606918,25.0899773],[121.3605907,25.0900011],[121.3604955,25.0900308],[121.3603765,25.0900903],[121.3602516,25.0901914],[121.3601683,25.0902747],[121.3601267,25.0903461],[121.3601296,25.0904383],[121.3601241,25.0905189],[121.3600999,25.0905573],[121.3600553,25.090587],[121.3599586,25.0905945],[121.359795,25.090587],[121.3596761,25.090587],[121.3595719,25.0906168],[121.3594976,25.0906688],[121.3593563,25.0908027],[121.3590886,25.0911373],[121.3589325,25.0913455],[121.3588284,25.0914496],[121.3586053,25.0916132],[121.3581591,25.0919701],[121.3580439,25.0920928],[121.3579011,25.0922415],[121.3577524,25.0924319],[121.3576453,25.0925865],[121.3576037,25.0926817],[121.3575977,25.0927293],[121.3575977,25.0928126],[121.3576096,25.092884],[121.3576275,25.0929316],[121.357687,25.092991],[121.3577524,25.0930267],[121.3578874,25.0930768],[121.3579469,25.0930887],[121.3580421,25.0931125],[121.3581331,25.0931219],[121.35849,25.0931219],[121.3586744,25.0931398],[121.358722,25.0931457],[121.3588053,25.0931636],[121.3588529,25.0931933],[121.3588707,25.0932349],[121.3588707,25.0932647],[121.358847,25.0932944],[121.3587619,25.0933683],[121.3585852,25.0934491],[121.3579725,25.0936692],[121.3573479,25.0938714],[121.3569315,25.094038],[121.3566876,25.0941153],[121.3566281,25.0941272],[121.3563842,25.0941272],[121.3557477,25.0940975],[121.3556644,25.0941213],[121.355593,25.094157],[121.3554978,25.0942462],[121.3552361,25.0945972],[121.3550755,25.0947994],[121.3549268,25.09496],[121.3548435,25.0950671],[121.3548137,25.0951385],[121.3548137,25.0951861],[121.3548256,25.0952277],[121.3548554,25.0952634],[121.3549446,25.0952813],[121.3550874,25.0952813],[121.3553491,25.0952575],[121.3554384,25.0952218],[121.3555752,25.0951385],[121.3558607,25.0949541],[121.3561938,25.0947459],[121.3562593,25.0947221],[121.3563009,25.0947162],[121.3564139,25.0947102],[121.3567709,25.0947162],[121.3572824,25.0947399],[121.3577286,25.0947578],[121.3579725,25.0947518],[121.3583711,25.094728],[121.3588529,25.0946864],[121.3593556,25.0946537],[121.3596601,25.0946632],[121.3604025,25.0946727],[121.3607024,25.0946585],[121.3608975,25.0946299],[121.3610973,25.094568],[121.3612449,25.0945014],[121.3615304,25.094311],[121.3619159,25.0940208],[121.3622823,25.0937019],[121.3624156,25.0935639],[121.3624965,25.093464],[121.3625441,25.0933022],[121.3625655,25.0931285],[121.3626012,25.0927775],[121.362619,25.092712],[121.3626369,25.0926526],[121.3626607,25.0926347],[121.3626845,25.0926109],[121.3627083,25.092599],[121.3627677,25.092599],[121.3628272,25.0926109],[121.3629522,25.0926942],[121.3631663,25.092837],[121.3632317,25.0928846],[121.3633269,25.0929084],[121.3634221,25.0929024],[121.36366,25.0928727],[121.364017,25.0928072],[121.3643977,25.0927477],[121.3646297,25.0927358],[121.3647308,25.0927418],[121.3648914,25.0927656],[121.3650758,25.0928132],[121.3652008,25.092837],[121.365403,25.092831],[121.3654209,25.0928251],[121.3654268,25.0928072],[121.3654447,25.0927775],[121.3654744,25.0927358],[121.3655458,25.0926942],[121.3656588,25.0926764],[121.3658075,25.0926823],[121.3659206,25.0926645],[121.3660157,25.0926466],[121.3662061,25.0925693],[121.3664619,25.0924681],[121.3665333,25.0924563],[121.3665928,25.0924563],[121.3666225,25.0924741],[121.3666522,25.0924979],[121.3667177,25.0925871],[121.3667474,25.0926288],[121.3667891,25.0926407],[121.3668307,25.0926466],[121.3668783,25.0926526],[121.3669259,25.0926407],[121.3669854,25.0925812],[121.367372,25.0921231],[121.3674256,25.0920815],[121.3674613,25.0920577],[121.3675802,25.0920339],[121.3676814,25.0920339],[121.3677325,25.0920596],[121.3677682,25.0920953],[121.3684963,25.0933604],[121.3688862,25.0940319],[121.3692155,25.0938874],[121.3696818,25.0936399],[121.3701482,25.0934115],[121.3705242,25.0932116],[121.3707621,25.0930831],[121.3709334,25.0929784],[121.3709959,25.0929041],[121.3710911,25.0927494],[121.3713052,25.0924401],[121.3714183,25.0922616],[121.3714718,25.0921962],[121.3715432,25.0921367],[121.3717573,25.0920118],[121.3718585,25.0919344],[121.3719239,25.0918749],[121.3720012,25.0917976],[121.3720548,25.0917679],[121.3721024,25.091756],[121.3722332,25.0917143],[121.3723582,25.0916429],[121.3728935,25.091292],[121.3733575,25.0910005],[121.3741197,25.0905432],[121.3745064,25.0902829],[121.3747889,25.0900896],[121.375131,25.0898963],[121.3755102,25.0896806],[121.3757095,25.0896037],[121.375888,25.0895349],[121.376233,25.08941],[121.3768814,25.0892374],[121.377625,25.0890352],[121.3777514,25.0889996]]]}},{"type":"Feature","properties":{"li":"湖北里"},"geometry":{"type":"Polygon","coordinates":[[[121.3811475,25.0975985],[121.3807287,25.0978841],[121.38031,25.0982029],[121.3797793,25.0986621],[121.3796128,25.0988406],[121.3795652,25.0988941],[121.3795473,25.0989655],[121.3795354,25.0990012],[121.3795295,25.0991083],[121.3795295,25.0993165],[121.3795414,25.0995663],[121.3796009,25.1003218],[121.3796128,25.1007323],[121.3796009,25.1009345],[121.3795533,25.1011665],[121.3794521,25.1014699],[121.3793153,25.1017852],[121.3791904,25.1020172],[121.3789822,25.102386],[121.3787011,25.1028227],[121.3787552,25.1028278],[121.3787895,25.102843],[121.3788275,25.1028659],[121.3788694,25.1028963],[121.3789075,25.1029458],[121.3789379,25.1030029],[121.3789608,25.1030829],[121.3789722,25.1031857],[121.3789722,25.1032733],[121.3789455,25.1033799],[121.3788884,25.1035017],[121.3787647,25.1036977],[121.3786886,25.103812],[121.3785458,25.1039928],[121.3783745,25.1041736],[121.378284,25.1042593],[121.3782031,25.1043354],[121.3780461,25.1044164],[121.3779319,25.1044925],[121.3778082,25.1045782],[121.3776559,25.1047019],[121.3774322,25.1048922],[121.3771942,25.1051159],[121.3770705,25.1052159],[121.3768849,25.1053491],[121.3766612,25.1054966],[121.3762591,25.1057512],[121.3760802,25.1058959],[121.3760345,25.1059416],[121.375985,25.1060748],[121.3759393,25.1062119],[121.3758441,25.1063718],[121.3757375,25.1065165],[121.3756576,25.1066002],[121.3755852,25.1066421],[121.3754215,25.106703],[121.3752502,25.1067563],[121.3750256,25.1068325],[121.3748657,25.1069048],[121.3747439,25.1069809],[121.3746411,25.1070761],[121.374504,25.1072436],[121.3744298,25.1073598],[121.3744012,25.1074311],[121.3743965,25.1074645],[121.3744107,25.107512],[121.3744393,25.1075311],[121.3744821,25.1075549],[121.3745487,25.1075692],[121.374663,25.1075692],[121.3748152,25.1075454],[121.3751912,25.1074787],[121.3752626,25.1074692],[121.3753244,25.107474],[121.375372,25.1074978],[121.3754006,25.1075263],[121.3754196,25.1075644],[121.3754196,25.107612],[121.3753958,25.1076929],[121.375353,25.1077785],[121.3752864,25.1078452],[121.3751103,25.1079689],[121.3749532,25.1080498],[121.3746344,25.1082449],[121.3743727,25.1083829],[121.3741252,25.1085019],[121.3737587,25.1086875],[121.373497,25.108835],[121.3731068,25.1090635],[121.3728022,25.1092395],[121.3726547,25.10933],[121.3725785,25.1094109],[121.3725643,25.1094727],[121.3725595,25.1094918],[121.3725595,25.1095203],[121.3725643,25.1095536],[121.3725833,25.1096012],[121.3726118,25.1096345],[121.3726452,25.109644],[121.3727499,25.1096678],[121.3730544,25.1096488],[121.3734542,25.1095965],[121.3737587,25.1095441],[121.3739348,25.1095298],[121.3741299,25.1095298],[121.3743774,25.1095251],[121.3745606,25.1094989],[121.3749592,25.1094335],[121.3752923,25.1093502],[121.3756314,25.109255],[121.3759229,25.1091658],[121.3761608,25.1090765],[121.376482,25.1089516],[121.3767319,25.1088267],[121.3769567,25.1087065],[121.3772792,25.1084936],[121.3775231,25.1083092],[121.377761,25.1080653],[121.3780346,25.10775],[121.3782072,25.107518],[121.3783678,25.1073514],[121.3784986,25.1071968],[121.3786117,25.1070421],[121.3787901,25.1067149],[121.3788437,25.10659],[121.3788972,25.1065127],[121.3789864,25.1064234],[121.3791054,25.1062866],[121.379153,25.1062093],[121.3792125,25.1060487],[121.3792482,25.1058643],[121.3792601,25.1058107],[121.3792958,25.1057453],[121.3793315,25.1056977],[121.3793779,25.1056608],[121.3794326,25.1056382],[121.3794802,25.1056442],[121.3795159,25.1056561],[121.3795456,25.1056858],[121.3795754,25.1057215],[121.3796051,25.105775],[121.3796289,25.1058286],[121.3796527,25.1059237],[121.3796586,25.1060903],[121.3796705,25.1062152],[121.3797062,25.1063401],[121.3797717,25.1065602],[121.3797776,25.1066554],[121.3797657,25.1067149],[121.3797122,25.1067744],[121.3795873,25.1068934],[121.3793791,25.1070361],[121.3793124,25.1070825],[121.3792839,25.1071194],[121.379272,25.1071551],[121.3792839,25.1072325],[121.3792958,25.107286],[121.3793255,25.1073633],[121.3794921,25.1077143],[121.379598,25.1078439],[121.3796527,25.1078809],[121.3797122,25.1079165],[121.3798062,25.1079391],[121.3798847,25.1079522],[121.379962,25.1079522],[121.3801762,25.1079165],[121.3802892,25.1079106],[121.3805926,25.1079165],[121.3808722,25.1079403],[121.3809673,25.1079403],[121.3810923,25.1078987],[121.3811815,25.1078809],[121.3812231,25.107869],[121.3813005,25.107869],[121.3813599,25.1078749],[121.3814611,25.1079165],[121.3815979,25.1079879],[121.3817466,25.1080534],[121.3817942,25.1080831],[121.3819132,25.1081188],[121.3820678,25.1081426],[121.382163,25.1081545],[121.3823236,25.1081961],[121.3825517,25.1082238],[121.3826675,25.1081893],[121.3830007,25.1080763],[121.3832267,25.1080406],[121.3833695,25.1080287],[121.3834885,25.1080406],[121.3835658,25.1080525],[121.3837918,25.1081774],[121.3846544,25.1087247],[121.3848804,25.1089151],[121.385404,25.1093289],[121.3854207,25.1093421],[121.3854576,25.1093236],[121.3855227,25.1093001],[121.3855901,25.1092894],[121.3856669,25.1092828],[121.3857926,25.1092718],[121.3859578,25.1092545],[121.3860578,25.1092351],[121.386173,25.109198],[121.3863243,25.109187],[121.3863918,25.1091974],[121.386499,25.109214],[121.3866689,25.1092221],[121.3867457,25.1092134],[121.3869062,25.1091939],[121.3869992,25.1091555],[121.3871015,25.109115],[121.3872477,25.1089917],[121.387315,25.1089216],[121.3874593,25.1087335],[121.3875427,25.1086253],[121.3876609,25.1084619],[121.3877071,25.1083601],[121.3877672,25.1082222],[121.3877693,25.1081608],[121.3877457,25.1080359],[121.3877126,25.1078441],[121.3877124,25.1077742],[121.3877283,25.1076492],[121.3877627,25.1075178],[121.3878088,25.1073821],[121.3878998,25.1072193],[121.3879901,25.107092],[121.3881223,25.1069603],[121.3882222,25.1068795],[121.3883755,25.1067901],[121.388494,25.1067263],[121.3886568,25.1066708],[121.3887696,25.1066417],[121.3889511,25.1066307],[121.3890186,25.1066326],[121.3890698,25.1066388],[121.389135,25.1066408],[121.3891978,25.1066342],[121.3892606,25.1066002],[121.3893627,25.1065088],[121.389416,25.1064409],[121.3894716,25.1063518],[121.3895294,25.1062393],[121.3896219,25.1060569],[121.3896703,25.1059297],[121.3896911,25.105864],[121.389714,25.1057623],[121.3897861,25.1056461],[121.3898301,25.1055824],[121.3898532,25.1055146],[121.38986,25.1054553],[121.3898481,25.1053917],[121.3898431,25.1052901],[121.3898589,25.1051439],[121.3898959,25.1050442],[121.3899256,25.1048938],[121.3899257,25.1048562],[121.3898952,25.1047991],[121.3898555,25.1047441],[121.3897876,25.104632],[121.3897805,25.1045918],[121.389792,25.1045473],[121.389815,25.1044879],[121.3898522,25.1044476],[121.3899172,25.1044156],[121.3900125,25.1043582],[121.3900867,25.1042923],[121.3902124,25.1041359],[121.3902865,25.1040128],[121.3903582,25.1038686],[121.3904135,25.1037223],[121.3904433,25.1035697],[121.3904666,25.1034434],[121.3904637,25.1032697],[121.3904635,25.1032125],[121.3904819,25.1031489],[121.3906025,25.1030151],[121.3907162,25.1029068],[121.3908438,25.1027878],[121.3908974,25.1026931],[121.3909293,25.102494],[121.3909778,25.1023604],[121.3910866,25.1021906],[121.3911445,25.1020952],[121.3912215,25.101975],[121.3912446,25.1019262],[121.3912628,25.1017991],[121.3912948,25.1016211],[121.3913178,25.1015511],[121.3913665,25.1015065],[121.3914154,25.1014852],[121.3914897,25.1014575],[121.3915502,25.1014446],[121.3915967,25.1014339],[121.3916269,25.1014147],[121.3916688,25.1013934],[121.3917128,25.1013488],[121.3917406,25.1013093],[121.3917568,25.1012817],[121.3917423,25.101125],[121.3917139,25.1009662],[121.3916925,25.1008392],[121.3916923,25.1007735],[121.3917084,25.1007078],[121.3917268,25.1006569],[121.3917617,25.100642],[121.3918083,25.1006525],[121.3918688,25.1006586],[121.39192,25.1006564],[121.3919711,25.1006308],[121.392012,25.1005983],[121.3920581,25.1004711],[121.3921344,25.1003057],[121.3921832,25.1002716],[121.3922389,25.1002439],[121.3922529,25.1002418],[121.3922971,25.100248],[121.3923461,25.1002797],[121.3923788,25.1003156],[121.3923999,25.1003685],[121.3924236,25.1004722],[121.3924355,25.1005548],[121.3924311,25.1006374],[121.3924129,25.1007497],[121.3924153,25.1007793],[121.3923919,25.1008675],[121.3923574,25.1009777],[121.3923483,25.1010625],[121.3923628,25.1012001],[121.3923745,25.1012297],[121.3924164,25.1012466],[121.3924699,25.1012358],[121.3925373,25.1011912],[121.3926152,25.1010949],[121.3926917,25.1010015],[121.3928053,25.1008868],[121.3929074,25.1007785],[121.3930443,25.1006596],[121.3931744,25.1005723],[121.3933487,25.1004998],[121.3933999,25.1004934],[121.3934465,25.1005144],[121.3934699,25.100544],[121.39347,25.10058],[121.3934191,25.100686],[121.3933035,25.1009215],[121.3932179,25.101194],[121.3931834,25.1013148],[121.393142,25.1014759],[121.3930959,25.1016031],[121.3930196,25.1018334],[121.3929574,25.1020221],[121.3929043,25.1021536],[121.3928677,25.1023337],[121.392847,25.1024537],[121.3928243,25.1026274],[121.3928084,25.1027439],[121.392788,25.1029177],[121.3927742,25.1030501],[121.3927515,25.1032218],[121.392731,25.1033362],[121.392722,25.1034231],[121.3927036,25.10351],[121.3926784,25.1036329],[121.392658,25.1038159],[121.3926561,25.1039493],[121.3926655,25.1039811],[121.3927078,25.1041038],[121.392757,25.1042096],[121.3928069,25.1043737],[121.3928257,25.1044244],[121.3928399,25.1044858],[121.3928638,25.1046722],[121.3928755,25.1047187],[121.3929013,25.1047547],[121.3929223,25.1047652],[121.3929642,25.1047693],[121.3930083,25.1047522],[121.3930338,25.1047204],[121.3930384,25.104695],[121.3930333,25.1045743],[121.3930306,25.1044535],[121.3930559,25.1043603],[121.3930649,25.1042692],[121.39306,25.104195],[121.3930388,25.1041273],[121.3929659,25.1039714],[121.3929354,25.1038952],[121.3929211,25.103819],[121.3929187,25.1037788],[121.3929255,25.1037216],[121.3929414,25.1036262],[121.3929529,25.1035732],[121.392969,25.1035033],[121.3930013,25.1034227],[121.393044,25.1033324],[121.3931042,25.1032285],[121.3931599,25.103169],[121.393255,25.1030946],[121.3933526,25.1030329],[121.3934433,25.1029988],[121.3935246,25.1029731],[121.393641,25.1029643],[121.3937271,25.1029641],[121.3938319,25.102968],[121.3938994,25.1029721],[121.3939715,25.1029719],[121.3940087,25.1029548],[121.3940389,25.1029187],[121.3940504,25.1028785],[121.3940456,25.1028319],[121.3940105,25.1027769],[121.3939023,25.1026919],[121.3937181,25.1026055],[121.3935922,25.1025402],[121.3934289,25.1024199],[121.3934194,25.102384],[121.3934262,25.1023225],[121.3934493,25.1022547],[121.3935007,25.1021472],[121.3935563,25.1020559],[121.3936582,25.101901],[121.3937277,25.1017971],[121.3938366,25.1016676],[121.3939341,25.101572],[121.3940699,25.1014748],[121.3941349,25.1014365],[121.394193,25.101411],[121.394286,25.1013895],[121.3943931,25.1013829],[121.394449,25.1013891],[121.3945001,25.1013804],[121.3945466,25.1013655],[121.3946023,25.1013039],[121.3946393,25.1012445],[121.3946531,25.1011788],[121.3946551,25.1010962],[121.3946524,25.100967],[121.3946359,25.1009162],[121.3946381,25.1007753],[121.3946564,25.1006778],[121.3946864,25.1006057],[121.3947351,25.1005378],[121.3947745,25.1004996],[121.3949348,25.100389],[121.3949905,25.1003677],[121.3951092,25.100344],[121.3952534,25.1003267],[121.3953162,25.1003074],[121.3953465,25.1002468],[121.3953603,25.1002002],[121.3953738,25.1000519],[121.3953735,25.0999714],[121.395368,25.0997066],[121.3953817,25.0996324],[121.3954141,25.0995836],[121.3955654,25.0994868],[121.3956871,25.0994193],[121.3957062,25.0993843],[121.3957316,25.0993054],[121.3957345,25.0992295],[121.3957302,25.0988997],[121.3957233,25.0987596],[121.3957229,25.0986224],[121.3957094,25.0984357],[121.3957206,25.0982281],[121.3955991,25.0981328],[121.3955087,25.0980847],[121.3954358,25.0980531],[121.3953396,25.098011],[121.395153,25.0979135],[121.3950801,25.0978793],[121.3950451,25.0978555],[121.3950013,25.0978],[121.3949749,25.0977577],[121.3949573,25.097718],[121.3949686,25.0976068],[121.395012,25.0975166],[121.3950236,25.0975033],[121.3950642,25.097482],[121.3951544,25.0974632],[121.3952504,25.0974523],[121.3953173,25.0974389],[121.3953638,25.0974255],[121.3953929,25.0974096],[121.3953986,25.0973725],[121.3953838,25.0973116],[121.3953611,25.0972673],[121.3953289,25.0972144],[121.3953024,25.0971324],[121.3952936,25.0970953],[121.3953109,25.0970423],[121.395337,25.0970105],[121.3953863,25.0969759],[121.3955229,25.0969199],[121.3957177,25.0968425],[121.3957933,25.0968238],[121.3958543,25.0968077],[121.395898,25.0967917],[121.3959444,25.0967704],[121.3960083,25.0967252],[121.396046,25.0966853],[121.396075,25.0966323],[121.3961037,25.0965315],[121.3961094,25.0964759],[121.3961063,25.0964362],[121.39608,25.0963859],[121.3959944,25.0963554],[121.3959274,25.0963397],[121.3958779,25.096324],[121.3956416,25.0961657],[121.3955891,25.0961129],[121.3955482,25.0960653],[121.3955218,25.0960151],[121.3955129,25.0959621],[121.3955215,25.0959144],[121.3955504,25.095872],[121.3956027,25.0958268],[121.3956637,25.0957922],[121.3957451,25.0957681],[121.3958032,25.0957521],[121.3958672,25.095736],[121.3959487,25.0957225],[121.3960321,25.0957166],[121.3960873,25.0956873],[121.3961162,25.0956422],[121.3961801,25.0955891],[121.3962526,25.0955332],[121.3963079,25.0955066],[121.396369,25.0955064],[121.3964126,25.0955037],[121.3964913,25.0955193],[121.3965757,25.0955376],[121.3966398,25.0955613],[121.3967185,25.0955876],[121.3968089,25.0956297],[121.3968613,25.0956401],[121.3969341,25.0956558],[121.3969632,25.0956504],[121.3969952,25.0956345],[121.3970125,25.0956132],[121.3970182,25.0955629],[121.3970122,25.0955126],[121.3969828,25.0954094],[121.3969593,25.0953485],[121.3969351,25.0952913],[121.3968971,25.0952597],[121.3968359,25.0952201],[121.3967863,25.0951911],[121.3967397,25.0951833],[121.3966931,25.0951755],[121.396562,25.0951388],[121.3965037,25.0951204],[121.3964542,25.095102],[121.3964337,25.0950729],[121.3964336,25.0950438],[121.3964684,25.0950092],[121.3965266,25.0949932],[121.3965615,25.0949772],[121.3965876,25.0949639],[121.3965934,25.09494],[121.3965874,25.0948871],[121.3965814,25.0948368],[121.3966045,25.0947837],[121.396616,25.0947598],[121.3966683,25.0947094],[121.3967727,25.0946137],[121.3967956,25.0945104],[121.3967925,25.0944494],[121.3967863,25.094414],[121.396777,25.0943265],[121.3967662,25.0942385],[121.396766,25.0941925],[121.3967361,25.0940566],[121.3966852,25.0939361],[121.3966598,25.0938959],[121.3966029,25.0938788],[121.3965566,25.0938809],[121.3965019,25.0938734],[121.396466,25.0938409],[121.3964596,25.0938122],[121.3964595,25.0937796],[121.3964657,25.0937509],[121.3964909,25.0937278],[121.3965502,25.0936881],[121.396588,25.0936612],[121.3965856,25.0935903],[121.3965686,25.0935444],[121.3965433,25.0935196],[121.3965075,25.0935063],[121.3964549,25.0935103],[121.3964275,25.0935237],[121.3963897,25.0935277],[121.3963286,25.093524],[121.3963096,25.0935068],[121.3963326,25.0934417],[121.3963787,25.0933821],[121.3964311,25.0933245],[121.3964794,25.0933072],[121.3965761,25.0932782],[121.3966624,25.093276],[121.3967424,25.0932739],[121.3968328,25.0932372],[121.3968811,25.0932064],[121.3969188,25.0931623],[121.3969292,25.093122],[121.3969332,25.093055],[121.396916,25.0929674],[121.3969011,25.0929234],[121.3968694,25.0928698],[121.3968209,25.0928374],[121.3967827,25.092759],[121.3967696,25.0926211],[121.3967587,25.0925024],[121.3967371,25.0923416],[121.3967158,25.0922478],[121.3966961,25.0921047],[121.3966896,25.0920396],[121.3966472,25.0919573],[121.3965879,25.091856],[121.3965561,25.0917871],[121.3965346,25.0916753],[121.3965068,25.0915509],[121.3965025,25.0915165],[121.3964789,25.0913901],[121.3964911,25.0912503],[121.3964929,25.0911576],[121.3964841,25.0910407],[121.3965115,25.0910372],[121.3965515,25.0910351],[121.3966356,25.0910272],[121.396684,25.091006],[121.396707,25.090983],[121.3967153,25.0909389],[121.3967257,25.0908965],[121.3967234,25.0908601],[121.3967107,25.090818],[121.3966706,25.0907951],[121.3966222,25.0907991],[121.3965149,25.0908071],[121.3964097,25.0908227],[121.3963845,25.0908189],[121.3962474,25.0907503],[121.3961647,25.0907041],[121.3960718,25.0906009],[121.396059,25.0905473],[121.3960418,25.0904631],[121.3960459,25.0904075],[121.3961067,25.0903679],[121.3961551,25.0903562],[121.3962224,25.0903465],[121.3962728,25.0903042],[121.3963063,25.0902486],[121.3963124,25.0901987],[121.3963014,25.0900417],[121.3962962,25.0897683],[121.3962853,25.0896496],[121.3962743,25.0894945],[121.3962592,25.0893854],[121.3962544,25.0892207],[121.3962751,25.0891229],[121.3963235,25.0890563],[121.3963465,25.0889969],[121.3963526,25.0889452],[121.3963545,25.0888781],[121.3963459,25.0888302],[121.3963349,25.0886847],[121.3963305,25.0886062],[121.3963281,25.0885315],[121.3963403,25.0883955],[121.3963485,25.0883265],[121.3963588,25.0882523],[121.3964027,25.0881487],[121.3964192,25.0880587],[121.3964336,25.0879514],[121.3964375,25.0878479],[121.3964414,25.087779],[121.3964221,25.0876526],[121.3964007,25.0875626],[121.3963878,25.0874943],[121.396339,25.0873757],[121.3962817,25.0872361],[121.3962372,25.0871308],[121.3961589,25.0870065],[121.3960377,25.0868312],[121.3959764,25.0867337],[121.3958897,25.0866056],[121.3958114,25.086489],[121.3956911,25.0863705],[121.3956059,25.086295],[121.3955321,25.0862531],[121.3954247,25.0862151],[121.3952625,25.0861925],[121.3951004,25.0861719],[121.3949783,25.0861607],[121.3948288,25.086142],[121.3946836,25.0861252],[121.3946162,25.0861273],[121.3945742,25.086158],[121.3945382,25.0861978],[121.3944921,25.0862554],[121.3944421,25.0864107],[121.3944213,25.0864835],[121.3943462,25.0866887],[121.3942727,25.0869278],[121.3942395,25.0870677],[121.3941663,25.0872096],[121.3941266,25.0873113],[121.3940745,25.0874436],[121.3940662,25.087501],[121.3940748,25.0875432],[121.3941065,25.0875871],[121.3941277,25.0876254],[121.3941678,25.0876617],[121.3942126,25.0876991],[121.3942507,25.0877565],[121.3942804,25.0878253],[121.3943164,25.0878999],[121.3943397,25.0879573],[121.3943735,25.0879745],[121.3944387,25.0879877],[121.3945019,25.0879875],[121.3945356,25.0880028],[121.3945525,25.0880219],[121.3945631,25.0880525],[121.3945591,25.0881176],[121.3945193,25.0881675],[121.3944353,25.0882061],[121.3942985,25.0882314],[121.3941863,25.088254],[121.3940266,25.0883119],[121.3939488,25.0883542],[121.3939069,25.0883965],[121.3938859,25.0884253],[121.3938819,25.0884712],[121.3938801,25.0885574],[121.3938655,25.0886207],[121.3938215,25.0886802],[121.3937334,25.0887551],[121.3936872,25.0887725],[121.3936176,25.0887516],[121.3935607,25.0887115],[121.3934868,25.088637],[121.3934488,25.0886237],[121.3933815,25.0886258],[121.3933037,25.0886376],[121.393228,25.0886627],[121.3931839,25.0886877],[121.393144,25.088728],[121.3930832,25.088801],[121.393019,25.0888953],[121.3929309,25.0889836],[121.392851,25.0890126],[121.3927436,25.0890052],[121.3926678,25.0889977],[121.3926088,25.0889768],[121.3925771,25.0889137],[121.3925769,25.0888735],[121.3925616,25.0887031],[121.3925739,25.088562],[121.3925734,25.0884107],[121.3925666,25.088269],[121.3925767,25.0881464],[121.3925932,25.0880448],[121.3926285,25.0878915],[121.3926599,25.0878404],[121.3926956,25.0877905],[121.3927502,25.0877731],[121.3927796,25.0877577],[121.3928237,25.0877136],[121.392851,25.0876867],[121.3928969,25.0875889],[121.3928735,25.0875142],[121.3927998,25.0874819],[121.3927345,25.0874763],[121.3926588,25.0874918],[121.3925663,25.0875112],[121.3923875,25.0875596],[121.3922677,25.0875906],[121.3921434,25.0875679],[121.3919544,25.0875594],[121.3918154,25.0875349],[121.3916343,25.0875143],[121.391529,25.0874897],[121.3912974,25.0874712],[121.3911417,25.087462],[121.3910765,25.0874756],[121.3909987,25.0875199],[121.3909148,25.0875929],[121.390871,25.0877079],[121.3908607,25.0877712],[121.3908714,25.0878248],[121.3908447,25.0880317],[121.3908462,25.0880766],[121.3908233,25.0881495],[121.3907857,25.0882185],[121.3907606,25.0882837],[121.3907396,25.0882991],[121.3907038,25.0882935],[121.3906721,25.0882591],[121.390634,25.0881902],[121.3906107,25.0881309],[121.3905516,25.0880947],[121.3905032,25.0880967],[121.3904486,25.0881141],[121.3903877,25.0881526],[121.3903099,25.0881796],[121.3901922,25.0882393],[121.3901116,25.0882367],[121.390059,25.0882254],[121.3900062,25.0881757],[121.389985,25.0881221],[121.3899719,25.0879766],[121.3899653,25.0879],[121.3899859,25.0877582],[121.3899962,25.0876835],[121.3900106,25.0876068],[121.3900075,25.0873737],[121.3900114,25.0872664],[121.3900156,25.0872288],[121.3899792,25.087248],[121.3889054,25.0878137],[121.388953,25.088123],[121.3881535,25.0884752],[121.3873572,25.0884165],[121.3872878,25.0887228],[121.3836509,25.0909849],[121.3833297,25.092396],[121.383056,25.0935619],[121.3829163,25.0941478],[121.3827638,25.0947687],[121.3826329,25.0952922],[121.3825021,25.0958514],[121.3824426,25.0960893],[121.3824426,25.09625],[121.3824664,25.0963808],[121.3824775,25.0965467],[121.3824775,25.0966657],[121.3824664,25.0967377],[121.38265,25.097283],[121.382202,25.097407],[121.381682,25.097528],[121.381285,25.097633],[121.3812429,25.0975395],[121.3811475,25.0975985]]]}},{"type":"Feature","properties":{"li":"仁愛里"},"geometry":{"type":"Polygon","coordinates":[[[121.3754942,25.0760805],[121.3767373,25.0751875],[121.3773425,25.074673],[121.3774139,25.0746111],[121.3775876,25.0744249],[121.3774117,25.0742737],[121.3770167,25.0739549],[121.376401,25.0734998],[121.3754789,25.0728048],[121.375434,25.072771],[121.3751934,25.0725897],[121.3728623,25.0708237],[121.3719625,25.0701396],[121.3713899,25.0697083],[121.3712356,25.0695882],[121.3704471,25.0702502],[121.3696143,25.0710473],[121.3693763,25.0712376],[121.3691979,25.0714518],[121.3688885,25.0717195],[121.3688516,25.0718327],[121.3692278,25.0721739],[121.3699631,25.0727902],[121.3706413,25.0733494],[121.3712837,25.0739145],[121.3718608,25.0743904],[121.3723307,25.0748008],[121.3729613,25.075366],[121.3736513,25.0759906],[121.3745301,25.0767759],[121.3754942,25.0760805]]]}}]}